"","s119","s173","s212","s232","s281","s293","s318","s345","s346","s372","s374","s440","s639","s649"
"2532",0,0,0,1,1,0,0,0,1,1,0,0,0,0
"7892",0,0,0,0,0,0,0,0,0,0,0,1,1,0
"9143",0,0,0,1,1,0,0,0,1,1,0,0,0,0
"12555",0,0,0,0,0,0,0,0,0,0,0,1,1,0
"13460",0,0,0,1,1,0,0,0,1,1,0,0,0,0
"15890",0,0,0,0,0,0,0,0,0,0,0,0,0,1
"20028",0,0,0,0,0,1,0,0,0,0,0,0,0,0
"21661",0,0,0,0,0,0,0,1,0,0,0,0,0,0
"27374",0,0,0,0,0,0,0,0,0,0,0,1,0,0
"27996",0,0,0,1,1,0,0,0,1,1,0,0,0,0
"28640",0,0,0,0,0,1,0,0,0,0,0,0,0,0
"31552",0,0,0,1,0,0,0,0,0,0,0,0,0,0
"35608",1,0,1,0,0,0,0,1,0,0,1,0,0,0
"35623",0,0,0,0,0,0,0,1,0,0,0,0,0,0
"36538",0,0,0,1,1,0,0,0,1,1,0,0,0,0
"37031",1,1,1,1,1,0,1,1,1,1,1,1,1,1
"39158",1,0,1,0,0,0,0,1,0,0,1,0,0,1
"39188",0,0,1,0,0,0,0,0,0,0,0,0,0,0
"39758",0,0,0,1,1,0,0,0,1,1,0,0,0,0
"41885",0,1,0,0,0,0,0,0,0,0,0,0,0,0
"42967",1,1,1,1,1,1,1,1,1,1,1,1,1,1
"43945",0,0,0,1,1,0,0,0,1,1,0,0,0,0
"44503",0,1,0,0,0,0,0,0,0,0,0,0,0,0
"46620",0,0,0,0,0,1,0,0,0,0,0,0,0,0
"47543",0,0,0,0,0,0,0,0,0,0,0,0,1,0
"48503",1,0,1,0,0,0,0,0,0,0,1,0,0,0
"54394",1,1,1,1,1,0,1,1,1,1,1,0,0,1
"60090",0,0,0,1,0,0,0,0,0,0,0,0,0,0
"62657",0,1,0,0,0,0,1,0,0,0,0,0,0,0
"64028",0,0,0,1,1,0,0,0,1,1,0,0,0,0
"64598",0,0,0,0,0,0,1,0,0,0,0,0,0,0
"65159",0,0,0,1,1,0,0,0,1,1,0,0,0,0
"65246",0,0,0,0,0,0,0,0,0,0,0,0,0,1
"65314",0,1,0,0,0,0,0,0,0,0,0,0,0,0
"67735",0,0,0,1,0,0,0,0,1,0,0,0,0,0
"69834",0,1,0,0,0,0,0,0,0,0,0,0,0,0
"70095",0,1,0,0,0,0,0,0,0,0,0,0,0,0
"70335",0,0,0,0,0,1,0,0,0,0,0,0,0,0
"74863",0,0,0,0,0,0,0,0,0,0,1,0,0,0
"78351",0,0,0,0,0,0,0,0,1,0,0,0,0,0
"78711",0,0,0,1,0,0,0,0,0,0,0,0,0,0
"81649",0,0,0,0,0,1,0,0,0,0,0,0,0,0
"81963",0,1,0,0,0,0,0,0,0,0,0,0,0,0
"82897",0,0,0,1,1,0,0,0,1,1,0,0,0,0
"83842",0,1,0,0,0,0,0,0,0,0,0,0,0,0
"89670",0,0,1,0,0,0,0,0,0,0,0,0,0,0
"89871",0,0,0,1,1,0,0,0,1,1,0,0,0,0
"92199",1,1,1,1,1,0,1,1,1,1,1,1,1,1
"94388",1,0,1,0,0,0,0,1,0,0,1,0,0,1
"97350",1,0,1,0,0,0,0,0,0,0,1,0,0,0
"101179",0,0,0,1,1,0,0,0,1,1,0,0,0,0
"101539",1,0,1,0,0,0,0,0,0,0,1,0,0,0
"103526",0,0,0,0,0,0,0,0,0,0,0,1,1,0
"103776",0,1,0,0,0,0,0,0,0,0,0,0,0,0
"103779",0,1,0,0,0,0,0,0,0,0,0,0,0,0
"104856",0,0,1,0,0,0,0,0,0,0,0,0,0,0
"104858",0,0,0,0,0,0,0,1,0,0,0,0,0,0
"105011",1,0,1,0,0,0,0,1,0,0,1,0,0,0
"105021",1,0,1,0,0,0,0,1,0,0,1,0,0,1
"107794",0,1,0,0,0,0,0,0,0,0,0,0,0,0
"108641",0,0,0,0,0,0,0,0,0,0,0,0,0,1
"115499",0,0,0,1,1,0,0,0,1,1,0,0,0,0
"116000",1,1,1,1,1,1,1,1,1,1,1,1,1,1
"122499",0,0,0,0,0,0,0,0,0,0,0,0,0,1
"130455",0,0,0,0,0,0,0,0,0,1,0,0,0,0
"130997",0,1,0,0,0,0,0,0,0,0,0,0,0,0
"135329",1,0,1,0,0,0,0,1,0,0,1,0,0,0
"137233",0,0,0,1,1,0,0,0,1,1,0,0,0,0
"137900",0,0,0,0,0,0,0,1,0,0,0,0,0,0
"143091",0,0,0,0,0,0,0,0,0,0,1,0,0,0
"143262",0,0,0,0,0,1,0,0,0,0,0,0,0,0
"144564",0,0,0,1,1,0,0,0,1,1,0,0,0,0
"144699",0,0,0,0,0,0,0,0,0,0,1,0,0,0
"146236",1,0,1,0,0,0,0,1,0,0,1,0,0,0
"146788",0,0,0,1,1,0,0,0,1,1,0,0,0,0
"146872",0,0,0,1,1,0,0,0,1,1,0,0,0,0
"154990",0,0,0,0,0,0,0,0,0,0,0,0,0,1
"157019",0,0,0,0,1,0,0,0,0,0,0,0,0,0
"158029",0,0,0,0,0,0,0,0,0,0,0,1,0,0
"163395",0,0,0,0,0,0,0,1,0,0,0,0,0,0
"163573",0,0,0,0,0,0,1,0,0,0,0,0,0,0
"164676",0,1,0,0,0,0,0,0,0,0,0,0,0,0
"167740",0,0,0,0,0,0,0,0,0,0,0,1,1,0
"167986",0,0,0,0,1,0,0,0,0,0,0,0,0,0
"171916",0,0,0,0,0,0,0,0,1,0,0,0,0,0
"172351",0,0,0,0,1,0,0,0,0,0,0,0,0,0
"177857",1,1,1,1,1,1,1,1,1,1,1,1,1,1
"178257",0,0,0,0,0,0,1,0,0,0,0,0,0,0
"182824",1,0,1,0,0,0,0,0,0,0,1,0,0,0
"183091",1,0,1,0,0,0,0,1,0,0,1,0,0,0
"184677",0,0,0,0,0,0,0,0,0,0,0,0,1,0
"187718",0,0,0,0,0,0,0,0,0,1,0,0,0,0
"190816",1,0,1,0,0,0,0,1,0,0,1,0,0,1
"194681",1,1,1,1,1,0,1,1,1,1,1,1,1,1
"195682",1,0,1,0,0,0,0,1,0,0,1,0,0,1
"196069",0,0,0,0,0,0,1,0,0,0,0,0,0,0
"196642",1,1,1,1,1,0,1,1,1,1,1,1,1,1
"202197",0,1,0,0,0,0,0,0,0,0,0,0,0,0
"204094",1,0,1,0,0,0,0,0,0,0,1,0,0,0
"205968",0,0,0,0,0,0,0,0,0,0,0,0,1,0
"206481",1,0,1,1,1,0,0,1,1,1,1,0,0,1
"206484",1,0,1,1,1,0,0,1,1,1,1,0,0,1
"215238",0,0,0,1,1,0,0,0,1,1,0,0,0,0
"216020",0,0,0,0,1,0,0,0,0,0,0,0,0,0
"217201",1,0,1,1,1,0,0,1,1,1,1,0,0,1
"220050",0,1,0,0,0,0,1,0,0,0,0,0,0,0
"220218",0,0,0,0,0,0,0,0,0,0,0,0,0,1
"222486",0,1,0,0,0,0,0,0,0,0,0,0,0,0
"222849",0,0,0,0,0,0,0,0,0,1,0,0,0,0
"231114",1,1,1,1,1,0,1,1,1,1,1,1,1,1
"233358",0,0,0,1,1,0,0,0,1,1,0,0,0,0
"244550",0,0,0,1,1,0,0,0,1,1,0,1,1,0
"250070",1,0,0,0,0,0,0,0,0,0,0,0,0,0
"252900",0,0,0,0,0,0,0,0,0,0,0,0,0,1
"255444",0,0,0,0,0,0,0,0,0,0,0,1,1,0
"255660",0,0,0,0,0,0,0,0,0,0,0,1,1,0
"257074",0,0,0,0,0,0,0,0,0,0,0,1,1,0
"259689",0,0,0,1,1,0,0,0,1,1,0,0,0,0
"262268",1,0,1,0,0,0,0,1,0,0,1,0,0,1
"264984",0,0,0,1,1,0,0,0,1,1,0,0,0,0
"265554",1,1,1,1,1,1,1,1,1,1,1,1,1,1
"265968",0,0,0,0,0,0,1,0,0,0,0,0,0,0
"266115",0,0,0,0,0,0,1,0,0,0,0,0,0,0
"269433",0,0,0,1,0,0,0,0,0,0,0,0,0,0
"272678",0,0,0,1,1,0,0,0,1,1,0,0,0,0
"274930",0,0,0,0,0,0,1,0,0,0,0,0,0,0
"275523",0,0,0,0,0,0,0,0,0,0,0,1,1,0
"278021",1,0,1,0,0,0,0,1,0,0,1,0,0,1
"278189",0,0,0,1,1,0,0,0,1,1,0,0,0,0
"281208",0,0,0,1,1,0,0,0,1,1,0,0,0,0
"281316",0,0,0,0,0,0,0,0,0,0,0,1,1,0
"282892",1,0,1,0,0,0,0,1,0,0,1,0,0,1
"284047",0,0,0,0,0,1,0,0,0,0,0,0,0,0
"284623",0,1,0,0,0,0,1,0,0,0,0,0,0,0
"285772",0,0,1,0,1,1,0,1,0,0,1,0,0,1
"285871",0,0,0,0,1,0,0,1,0,0,0,0,0,1
"288260",1,0,1,0,0,0,0,0,0,0,1,0,0,0
"294596",0,0,0,0,0,0,0,0,0,0,0,0,0,1
"297924",0,0,0,0,1,0,0,0,0,0,0,0,0,0
"299073",0,0,0,0,0,0,1,0,0,0,0,0,0,0
"304923",1,1,1,1,1,0,1,1,1,1,1,0,0,1
"308312",0,0,0,0,1,0,0,0,0,1,0,0,0,0
"310336",0,0,0,0,0,0,0,0,0,0,0,1,1,0
"311167",0,0,0,1,1,0,0,0,1,1,0,0,0,0
"311613",1,1,1,1,1,1,1,1,1,1,1,1,1,1
"312138",0,0,0,1,1,0,0,0,1,1,0,0,0,0
"313425",0,0,0,1,1,0,0,0,1,1,0,0,0,0
"317300",0,0,0,0,0,1,0,0,0,0,0,0,0,0
"320180",0,0,0,1,1,0,0,0,1,1,0,0,0,0
"325505",1,0,1,1,1,0,0,1,1,1,1,0,0,1
"325964",0,0,0,0,0,0,0,0,0,0,0,0,0,1
"332891",1,0,0,0,0,0,0,0,0,0,0,0,0,0
"335906",0,0,0,0,0,0,0,1,0,0,0,0,0,1
"335927",0,0,0,0,0,0,0,0,0,0,0,0,0,1
"335971",1,0,1,0,0,0,0,1,0,0,1,0,0,1
"336005",1,0,1,0,0,0,0,1,0,0,1,0,0,1
"336050",0,0,1,0,0,0,0,1,0,0,1,0,0,1
"336053",0,0,1,0,0,0,0,1,0,0,1,0,0,1
"336074",0,0,1,0,0,0,0,1,0,0,1,0,0,1
"336113",1,0,1,0,0,0,0,1,0,0,1,0,0,1
"336140",1,0,1,0,0,0,0,1,0,0,1,0,0,1
"336182",1,0,0,0,0,0,0,0,0,0,0,0,0,0
"336197",1,0,1,0,0,0,0,1,0,0,0,0,0,0
"336200",0,0,0,0,0,0,1,0,0,0,0,0,0,0
"336221",1,0,1,0,0,0,1,0,0,0,0,0,0,0
"336227",1,0,1,0,0,0,1,0,0,0,0,0,0,0
"336257",1,0,1,0,0,0,1,1,0,0,0,0,0,1
"336611",1,0,1,0,0,0,0,1,0,0,0,0,0,1
"336617",1,0,1,0,0,0,0,1,0,0,0,0,0,1
"336620",0,0,1,0,1,0,0,1,0,0,0,0,0,1
"336728",0,0,0,0,1,0,0,0,0,0,0,0,0,0
"338876",0,0,0,0,0,0,0,0,0,0,0,0,1,0
"338903",0,0,0,0,0,0,0,0,0,0,0,0,1,0
"339508",0,0,0,0,1,0,0,0,0,1,0,0,0,0
"342340",0,1,0,0,0,0,0,0,0,0,0,0,0,0
"343281",0,0,0,1,1,0,0,0,1,1,0,0,0,0
"344288",0,0,0,1,1,0,0,0,1,1,0,0,0,0
"346063",0,0,0,0,0,0,0,0,0,0,0,0,0,1
"346693",0,0,0,0,0,0,0,0,0,0,0,0,0,1
"347306",0,0,0,0,0,0,0,0,0,0,0,1,0,0
"350489",0,0,0,1,1,0,0,0,1,1,0,0,0,0
"350672",0,0,0,0,0,0,0,1,0,0,0,0,0,0
"357582",0,0,0,1,1,0,0,0,1,1,0,0,0,0
"359797",0,0,0,0,0,0,0,0,0,0,0,1,1,0
"363464",1,0,1,0,0,0,0,1,0,0,1,0,0,1
"366309",0,0,0,0,0,0,0,0,0,1,0,0,0,0
"370257",0,0,0,0,0,0,0,0,0,0,0,0,0,1
"370782",0,0,0,1,1,0,0,0,1,1,0,0,0,0
"372149",0,0,0,1,1,0,0,0,1,1,0,0,0,0
"372913",1,1,1,1,1,0,1,1,1,1,1,0,0,1
"374353",1,0,1,0,0,0,0,0,0,0,1,0,0,0
"375691",0,0,0,0,0,0,0,0,0,0,0,0,0,1
"376774",1,1,1,1,1,0,1,1,1,1,1,1,1,1
"377014",1,0,1,0,0,0,0,0,0,0,1,0,0,0
"378939",0,0,0,1,1,0,0,0,1,1,0,0,0,0
"379029",0,0,0,1,1,0,0,0,1,1,0,0,0,0
"380098",0,0,0,0,0,0,0,0,0,0,0,0,0,1
"385110",0,0,1,0,0,0,0,0,0,0,0,0,0,0
"385434",0,0,0,0,0,0,0,0,0,1,0,0,0,0
"386935",0,1,0,0,0,0,0,0,0,0,0,0,0,0
"406274",0,0,0,1,1,0,0,0,1,1,0,0,0,0
"410009",0,0,1,0,0,0,0,0,0,0,1,0,0,0
"414486",1,1,1,1,1,1,1,1,1,1,1,1,1,1
"418047",0,0,0,0,0,0,0,0,1,0,0,0,0,0
"420008",1,1,1,1,1,1,1,1,1,1,1,1,1,1
"420545",0,0,0,0,0,0,0,0,0,0,0,0,1,0
"423866",0,0,0,0,0,0,0,0,0,1,0,0,0,0
"424981",1,0,1,0,0,0,0,1,0,0,1,0,0,1
"428698",1,0,1,1,1,0,0,1,1,1,1,0,0,1
"430756",0,1,0,0,0,0,0,0,0,0,0,0,0,0
"431101",0,0,0,0,0,0,0,0,0,0,0,1,1,0
"433033",0,0,0,1,0,0,0,0,0,0,0,0,0,0
"435190",0,1,0,0,0,0,0,0,0,0,0,0,0,0
"441823",1,0,1,0,0,0,0,1,0,0,1,0,0,0
"444309",0,0,0,0,0,1,0,0,0,0,0,0,0,0
"445761",0,1,0,0,0,0,0,0,0,0,0,0,0,0
"448475",0,1,0,0,0,0,0,0,0,0,0,0,0,0
"449194",0,0,0,0,0,0,0,0,0,0,0,0,0,1
"449635",0,0,0,0,0,0,0,0,0,0,0,1,0,0
"454253",0,0,0,0,0,1,0,0,0,0,0,0,0,0
"454295",1,1,1,1,1,1,1,1,1,1,1,1,1,1
"455329",0,0,0,1,1,0,0,0,1,1,0,0,0,0
"456511",0,0,0,1,1,0,0,0,1,1,0,0,0,0
"457452",1,1,1,1,1,0,1,1,1,1,1,1,1,1
"460413",1,0,1,0,0,0,0,0,0,0,1,0,0,0
"464832",0,0,0,0,0,1,0,0,0,0,0,0,0,0
"465300",1,0,1,0,0,0,0,1,0,0,1,0,0,1
"467516",1,1,1,0,0,1,1,1,0,0,1,1,1,1
"467621",1,1,1,0,0,1,1,1,0,0,1,1,1,1
"469042",0,0,0,1,1,0,0,0,1,1,0,0,0,0
"473800",0,0,0,0,0,0,1,0,0,0,0,0,0,0
"473833",0,0,0,0,0,0,1,0,0,0,0,0,0,0
"474554",0,0,0,0,0,0,0,0,0,0,0,0,1,0
"475866",0,0,0,0,0,0,0,0,0,0,0,0,1,0
"485230",0,0,0,1,1,0,0,0,1,1,0,0,0,0
"485856",0,0,0,0,0,0,0,0,0,0,0,0,1,0
"486318",0,0,0,0,0,0,0,0,0,0,0,1,0,0
"491742",1,0,1,1,1,0,0,1,1,1,1,0,0,1
"492655",0,0,0,1,1,0,0,0,1,1,0,0,0,0
"495104",0,0,0,0,0,0,1,0,0,0,0,0,0,0
"495473",0,0,0,1,1,0,0,0,1,1,0,0,0,0
"496937",0,0,0,0,0,0,0,1,0,0,0,0,0,0
"497491",1,0,1,0,0,0,0,1,0,0,1,0,0,1
"498531",1,0,1,1,1,0,0,1,1,1,1,0,0,1
"500339",0,1,0,0,0,0,0,0,0,0,0,0,0,0
"501615",0,0,0,0,0,0,1,0,0,0,0,0,0,0
"504692",0,0,0,0,0,0,0,0,0,0,0,1,0,0
"504704",0,0,0,0,0,0,0,0,0,0,0,1,0,0
"505454",0,0,0,0,0,1,0,0,0,0,0,0,0,0
"507630",0,0,0,0,0,0,0,0,0,0,0,1,0,0
"510383",0,0,0,0,0,0,0,1,0,0,0,0,0,0
"514158",1,0,0,0,0,0,0,0,0,0,0,0,0,0
"514245",0,0,0,0,0,0,1,0,0,0,0,0,0,0
"517411",0,0,0,1,1,0,0,0,1,1,0,0,0,0
"518987",1,0,1,0,0,0,0,1,0,0,1,0,0,0
"529363",0,0,0,1,1,0,0,0,1,1,0,0,0,0
"531414",0,0,0,0,0,0,0,0,0,0,0,1,0,0
"531576",1,0,0,0,0,0,0,0,0,0,0,0,0,0
"541048",0,0,0,0,0,0,1,0,0,0,0,0,0,0
"541201",1,1,1,1,1,1,1,1,1,1,1,1,1,1
"543236",0,0,0,0,0,0,0,0,0,0,0,0,1,0
"546357",1,0,1,1,1,0,0,1,1,1,1,0,0,1
"551525",1,1,1,1,1,0,1,1,1,1,1,1,1,1
"555044",0,0,0,0,0,0,0,0,0,0,0,1,1,0
"556880",0,0,0,0,0,0,0,0,0,0,0,0,1,0
"560664",0,0,0,1,1,0,0,1,1,1,0,0,0,0
"565125",0,0,1,0,0,0,0,0,0,0,0,0,0,0
"565404",0,0,0,1,1,0,0,0,1,1,0,0,0,0
"572591",1,0,1,0,0,0,0,1,0,0,1,0,0,1
"573262",1,1,1,1,1,1,1,1,1,1,1,1,1,1
"575380",0,0,0,0,0,0,0,0,0,0,1,0,0,0
"577110",0,0,0,0,0,0,1,0,0,0,0,0,0,0
"580336",0,0,0,1,1,0,0,0,1,1,0,0,0,0
"584511",0,0,0,1,1,0,0,0,1,1,0,0,0,0
"585517",0,0,0,0,0,0,1,0,0,0,0,0,0,0
"587065",0,0,0,0,0,1,0,0,0,0,0,0,0,0
"588576",0,0,0,0,0,0,0,0,0,0,0,0,0,1
"590436",1,1,1,1,1,1,1,1,1,1,1,1,1,1
"591965",0,0,0,1,1,0,0,0,1,1,0,0,0,0
"594027",0,0,0,0,0,0,1,0,0,0,0,0,0,0
"594351",1,0,0,0,0,0,0,0,0,0,0,0,0,0
"596520",0,0,0,0,0,0,0,0,0,0,0,0,0,1
"597816",1,1,1,1,1,0,1,1,1,1,1,1,1,1
"599868",1,0,1,1,1,0,0,1,1,1,1,0,0,1
"601265",0,0,0,0,0,0,0,0,0,0,0,0,1,0
"601925",0,1,0,0,0,0,0,0,0,0,0,0,0,0
"603604",0,0,0,0,0,0,0,0,0,0,0,0,1,0
"604468",0,0,0,0,0,0,0,0,0,0,0,1,0,0
"604835",0,0,0,0,0,0,0,0,0,0,0,1,0,0
"605150",1,0,1,0,0,0,0,0,0,0,1,0,0,0
"608179",0,0,0,0,0,0,1,0,0,0,0,0,0,0
"608775",0,1,0,0,0,0,0,0,0,0,0,0,0,0
"615938",0,0,0,1,1,0,0,0,1,1,0,0,0,0
"620029",0,0,0,0,0,0,0,0,0,0,0,1,1,0
"623065",1,0,0,0,0,0,0,0,0,0,0,0,0,0
"627122",0,0,0,0,0,0,0,0,0,0,0,0,1,0
"628895",0,1,0,0,0,0,1,0,0,0,0,0,0,0
"631002",0,0,0,0,0,1,0,0,0,0,0,0,0,0
"634710",0,0,0,0,0,0,0,0,1,0,0,0,0,0
"636783",0,0,0,1,1,0,0,0,1,1,0,0,0,0
"637730",0,1,0,0,0,0,0,0,0,0,0,0,0,0
"646531",0,0,0,1,1,0,0,0,1,1,0,0,0,0
"647833",0,0,0,1,1,0,0,0,1,1,0,0,0,0
"648856",1,0,1,1,1,0,0,1,1,1,1,0,0,1
"649345",0,0,0,1,1,0,0,0,1,1,0,0,0,0
"655644",0,0,0,0,0,0,1,0,0,0,0,0,0,0
"655707",0,0,0,1,1,0,0,0,1,1,0,0,0,0
"657081",1,0,1,0,0,0,0,1,0,0,1,0,0,1
"657578",0,0,0,1,1,0,0,0,1,1,0,0,0,0
"662911",1,0,1,1,1,0,0,1,1,1,1,0,0,1
"669398",1,1,1,1,1,1,1,1,1,1,1,1,1,1
"672491",0,0,0,0,1,0,0,0,0,0,0,0,0,0
"673238",0,0,0,0,1,0,0,1,0,0,0,0,0,0
"678440",0,0,0,1,1,0,0,0,1,1,0,0,0,0
"681115",0,0,0,0,0,0,0,0,0,0,0,0,1,0
"683829",1,0,1,0,0,0,0,0,0,0,1,0,0,0
"685461",1,1,1,1,1,1,1,1,1,1,1,1,1,1
"685608",1,1,1,1,1,0,1,1,1,1,1,1,1,1
"690450",1,0,1,1,1,0,0,1,1,1,1,0,0,1
"690465",1,1,1,1,1,1,1,1,1,1,1,1,1,1
"698968",1,1,1,1,1,1,1,1,1,1,1,1,1,1
"701867",0,0,0,1,1,0,0,0,1,1,0,0,0,0
"716619",0,0,0,0,0,0,0,0,0,0,0,0,0,1
"717588",0,0,0,0,1,0,0,0,0,0,0,0,0,0
"720863",0,0,0,1,1,0,0,0,1,1,0,0,0,0
"725190",1,0,1,0,0,0,0,1,0,0,1,0,0,1
"726498",0,0,0,0,1,0,0,0,0,1,0,0,0,0
"726945",1,0,0,0,0,0,0,0,0,0,0,0,0,0
"732491",0,0,0,0,0,0,0,0,0,0,1,0,0,0
"738135",0,0,0,0,0,0,1,0,0,0,0,0,0,0
"744422",0,0,0,1,0,0,0,0,0,0,0,0,0,0
"749525",0,0,0,0,0,0,0,0,0,0,0,1,0,0
"750788",0,0,0,0,0,0,0,1,0,0,0,0,0,0
"760115",0,1,0,0,0,0,0,0,0,0,0,0,0,0
"763031",1,0,1,1,1,0,0,1,1,1,1,0,0,1
"763886",0,0,0,1,1,0,0,0,1,1,0,0,0,0
"784450",0,0,0,1,1,0,0,0,1,1,0,0,0,0
"785762",0,0,0,0,0,0,0,0,0,0,0,1,0,0
"788354",0,0,0,1,1,0,0,0,1,1,0,0,0,0
"797736",1,0,1,0,0,0,0,1,0,0,1,0,0,0
"802040",0,0,0,1,0,0,0,0,0,0,0,0,0,0
"803298",0,0,0,0,0,0,0,1,0,0,0,0,0,0
"805663",0,1,0,0,0,0,0,0,0,0,0,0,0,0
"810287",0,0,0,1,1,0,0,0,1,1,0,0,0,0
"811492",0,0,0,1,1,0,0,0,1,1,0,0,0,0
"811753",1,0,1,0,0,0,0,1,0,0,1,0,0,1
"812502",0,0,0,1,1,0,0,0,1,1,0,0,0,0
"815851",0,0,0,1,1,0,0,0,1,1,0,0,0,0
"823420",0,0,0,0,0,0,0,1,0,0,0,0,0,0
"829356",0,0,0,0,0,0,0,0,0,0,0,1,1,0
"832201",0,0,0,1,1,0,0,0,1,1,0,0,0,0
"832246",0,0,0,1,1,0,0,0,1,1,0,0,0,0
"836426",0,0,0,0,1,0,0,0,0,0,0,0,0,0
"837911",0,0,0,0,1,0,0,0,0,0,0,0,0,0
"841494",0,0,0,1,1,0,0,0,1,1,0,0,0,0
"841764",1,1,1,1,1,0,1,1,1,1,1,1,1,1
"842050",0,0,0,1,1,0,0,0,1,1,0,0,0,0
"846704",0,0,0,0,0,0,0,0,0,0,0,0,0,1
"848319",0,0,0,0,0,0,0,0,0,0,0,1,1,0
"848814",1,0,0,0,0,0,0,0,0,0,0,0,0,0
"851797",0,0,0,1,1,0,0,0,1,1,0,0,0,0
"857696",1,1,1,1,1,0,1,1,1,1,1,1,1,1
"860279",0,0,1,0,0,0,0,0,0,0,0,0,0,0
"865761",0,0,0,1,1,0,0,0,1,1,0,0,0,0
"867461",0,0,0,0,0,0,0,0,0,0,0,0,1,0
"868148",0,1,0,0,0,0,0,0,0,0,0,0,0,0
"869440",0,0,0,0,0,0,1,0,0,0,0,0,0,0
"870112",0,0,0,1,1,0,0,0,1,1,0,0,0,0
"876141",1,0,1,0,0,0,0,1,0,0,1,0,0,1
"880482",0,0,0,1,1,0,0,0,1,1,0,0,0,0
"882829",0,0,0,0,0,0,1,0,0,0,0,0,0,0
"885082",0,0,0,0,0,0,0,0,0,0,0,1,1,0
"891404",0,0,0,1,1,0,0,0,1,1,0,0,0,0
"891756",0,1,0,0,0,0,0,0,0,0,0,0,0,0
"892416",1,0,1,0,0,0,0,1,0,0,1,0,0,1
"894888",0,0,0,1,1,0,0,0,1,1,0,0,0,0
"896629",0,0,0,1,1,0,0,0,1,1,0,0,0,0
"900221",1,1,1,1,1,0,1,1,1,1,1,1,1,1
"902413",0,1,0,0,0,0,1,0,0,0,0,0,0,0
"903550",1,1,1,1,1,0,1,1,1,1,1,1,1,1
"903913",1,1,1,1,1,1,1,1,1,1,1,1,1,1
"904327",0,0,0,0,0,0,0,0,0,0,0,1,0,0
"909166",1,0,0,0,0,0,0,1,0,0,1,0,0,0
"913274",0,0,0,1,1,0,0,0,1,1,0,0,0,0
"917596",0,0,0,0,0,0,0,0,0,0,0,0,0,1
"917905",0,1,0,0,0,0,0,0,0,0,0,0,0,0
"918316",0,0,0,0,0,0,1,0,0,0,0,0,0,0
"923065",0,1,0,0,0,0,1,0,0,0,0,0,0,0
"925453",0,0,0,0,0,0,0,1,0,0,0,0,0,1
"929748",0,0,0,0,1,0,0,0,0,0,0,0,0,0
"931123",1,0,1,1,1,0,0,1,1,1,1,0,0,1
"931186",0,0,0,0,0,0,0,0,0,1,0,0,0,0
"933699",0,0,0,1,1,0,0,0,1,1,0,0,0,0
"938240",0,0,0,0,0,0,0,0,0,0,0,0,0,1
"938246",0,0,0,1,1,0,0,0,1,1,0,0,0,0
"939609",0,0,0,0,0,0,0,0,0,0,0,0,1,0
"945387",0,0,0,0,0,0,0,0,0,0,0,0,0,1
"949535",1,1,1,1,1,0,1,1,1,1,1,1,1,1
"950621",0,0,0,0,0,0,0,1,0,0,0,0,0,0
"950690",0,0,0,0,0,0,1,0,0,0,0,0,0,0
"952597",0,0,0,1,1,0,0,0,1,1,0,0,0,0
"954468",1,0,1,0,0,0,0,0,0,0,1,0,0,0
"956421",0,0,0,0,0,0,0,0,0,1,0,0,0,0
"957117",1,1,1,1,1,0,1,1,1,1,1,0,0,1
"957474",0,0,0,0,0,0,1,0,0,0,0,0,0,0
"960821",0,0,0,0,0,0,0,0,0,1,0,0,0,0
"969762",0,0,1,0,0,0,0,1,0,0,0,0,0,1
"972978",1,0,0,0,0,0,0,0,0,0,0,0,0,0
"973290",0,0,0,0,0,0,0,0,0,0,0,1,1,0
"977196",0,0,0,1,1,0,0,0,1,1,0,0,0,0
"977223",0,0,0,0,0,0,0,0,0,0,0,1,1,0
"981670",0,1,0,0,0,0,0,0,0,0,0,0,0,0
"985621",0,1,0,0,0,0,0,0,0,0,0,0,0,0
"987601",0,0,0,1,1,0,0,0,1,1,0,0,0,0
"988240",0,0,1,0,0,0,0,0,0,0,0,0,0,0
"1004001",0,0,0,0,0,0,0,0,1,0,0,0,0,0
"1004202",0,0,0,0,0,0,0,0,0,0,0,0,1,0
"1004208",0,0,0,0,0,0,0,0,0,0,0,0,1,0
"1004214",0,0,0,0,0,0,0,0,0,0,0,0,1,0
"1004331",0,0,0,0,0,0,0,0,0,0,0,1,1,0
"1005401",0,0,0,0,0,0,1,0,0,0,0,0,0,0
"1008257",0,0,0,0,0,0,0,1,0,0,0,0,0,0
"1021273",1,0,0,0,0,0,0,0,0,0,0,0,0,0
"1025106",1,1,1,1,1,1,1,1,1,1,1,1,1,1
"1026250",0,0,0,0,0,0,1,0,0,0,0,0,0,0
"1027930",0,0,0,0,0,0,0,0,0,0,0,0,1,0
"1034431",0,0,0,0,0,0,0,0,0,0,0,1,1,0
"1036583",1,0,0,0,0,0,0,0,0,0,0,0,0,0
"1039981",0,0,0,1,1,0,0,0,1,1,0,0,0,0
"1040251",1,0,1,0,0,0,0,0,0,0,1,0,0,0
"1047873",0,0,0,0,0,0,0,0,0,0,0,0,0,1
"1050836",0,0,0,0,0,0,0,0,0,0,0,1,1,0
"1053182",0,0,0,0,0,0,0,0,0,1,0,0,0,0
"1054552",0,0,0,1,0,0,0,0,0,0,0,0,0,0
"1061178",0,0,0,0,1,0,0,0,0,1,0,0,0,0
"1063922",0,0,0,1,1,0,0,0,1,1,0,0,0,0
"1066431",0,0,0,0,0,0,0,0,0,0,0,0,0,1
"1068151",1,1,1,1,1,1,1,1,1,1,1,1,1,1
"1068432",1,1,1,1,1,0,1,1,1,1,1,1,1,1
"1070632",0,0,0,0,0,0,0,0,0,0,0,0,0,1
"1075618",0,0,0,1,1,0,0,0,1,1,0,0,0,0
"1076880",1,0,1,0,0,0,0,1,0,0,1,0,0,1
"1079927",1,1,1,1,1,1,1,1,1,1,1,1,1,1
"1081681",1,1,1,1,1,1,1,1,1,1,1,1,1,1
"1092467",0,0,0,0,0,0,0,0,0,0,0,1,0,0
"1093406",1,1,1,1,1,1,1,1,1,1,1,1,1,1
"1095852",0,0,0,0,1,0,0,0,0,0,0,0,0,0
"1095855",0,0,0,0,1,0,0,0,0,0,0,0,0,0
"1095981",0,0,0,0,1,0,0,0,0,0,0,0,0,0
"1095990",0,0,0,0,1,0,0,0,0,0,0,0,0,0
"1096299",1,1,1,0,0,0,0,1,0,0,1,0,0,0
"1096398",1,1,1,0,0,0,0,0,0,0,1,0,0,0
"1097220",1,0,1,0,0,0,0,1,0,0,1,0,0,1
"1097442",1,0,1,0,0,0,0,1,0,0,1,0,0,1
"1102117",1,0,1,0,0,0,0,1,0,0,1,0,0,1
"1102468",1,0,1,0,0,0,0,1,0,0,1,0,0,1
"1102646",1,0,1,0,0,0,0,1,0,0,1,0,0,1
"1105505",0,0,0,0,1,0,0,0,0,0,0,0,0,0
"1107116",0,1,0,0,0,0,0,0,0,0,0,0,0,0
"1111469",0,0,0,1,1,0,0,0,1,1,0,0,0,0
"1113403",0,0,0,1,1,0,0,0,1,1,0,0,0,0
"1117002",0,0,0,0,0,0,0,0,0,0,0,0,0,1
"1119739",0,0,0,1,1,0,0,0,1,1,0,0,0,0
"1121071",0,0,0,0,1,0,0,0,0,0,0,0,0,0
"1127493",1,0,1,0,0,0,0,1,0,0,1,0,0,0
"1130030",0,0,0,0,0,1,0,0,0,0,0,0,0,0
"1130526",0,0,0,0,0,1,0,0,0,0,0,0,0,0
"1149551",1,1,1,1,1,0,1,1,1,1,1,1,1,1
"1151054",1,0,1,0,0,0,0,1,0,0,1,0,0,1
"1155700",0,0,0,1,1,0,0,0,1,1,0,0,0,0
"1155957",0,0,0,1,0,0,0,0,0,0,0,0,0,0
"1156675",0,0,0,1,0,0,0,0,0,0,0,0,0,0
"1156708",1,0,0,0,0,0,0,0,0,0,0,0,0,0
"1160660",0,0,0,0,0,0,0,0,0,0,0,0,1,0
"1163134",1,1,1,1,1,1,1,1,1,1,1,1,1,1
"1173750",1,0,1,0,0,0,0,1,0,0,1,0,0,1
"1178116",1,1,1,1,1,0,1,1,1,1,1,1,1,1
"1181079",0,0,1,0,0,0,0,0,0,0,0,0,0,0
"1188315",0,0,0,0,0,0,0,0,0,0,0,1,0,0
"1191741",1,1,1,1,1,0,0,1,1,1,1,0,0,1
"1192128",0,0,0,1,1,0,0,0,1,1,0,0,0,0
"1192642",1,0,0,0,0,0,0,0,0,0,0,0,0,0
"1215576",0,0,0,0,0,0,0,0,0,0,0,1,1,0
"1215742",1,0,1,0,0,0,0,1,0,0,1,0,0,0
"1218985",1,0,0,0,0,0,0,0,0,0,0,0,0,0
"1219683",1,0,0,0,0,0,0,0,0,0,0,0,0,0
"1227830",1,0,1,0,0,0,0,1,0,0,1,0,0,1
"1228865",0,0,0,0,1,0,0,0,0,0,0,0,0,0
"1235446",0,0,0,1,1,0,0,0,1,1,0,0,0,0
"1235928",1,0,0,0,0,0,0,0,0,0,0,0,0,0
"1245734",0,0,0,0,0,0,0,1,0,0,0,0,0,0
"1248936",1,0,1,1,1,0,0,1,1,1,1,0,0,1
"1248978",1,1,1,1,1,0,1,1,1,1,1,1,1,1
"1250340",1,0,1,1,1,0,0,1,1,1,1,0,0,1
"1252538",0,0,0,1,1,0,0,0,1,1,0,0,0,0
"1256806",0,0,0,0,0,0,1,0,0,0,0,0,0,0
"1261056",0,0,0,1,1,0,0,0,1,1,0,0,0,0
"1264352",0,0,0,0,0,0,0,1,0,0,0,0,0,0
"1276423",0,1,0,0,0,0,0,0,0,0,0,0,0,0
"1276432",0,1,0,0,0,0,0,0,0,0,0,0,0,0
"1276588",1,1,1,0,0,0,0,0,0,0,1,0,0,0
"1276842",1,0,1,0,0,0,0,0,0,0,1,0,0,0
"1276843",1,0,1,0,0,0,0,0,0,0,0,0,0,0
"1276846",1,0,1,0,0,0,0,0,0,0,0,0,0,0
"1276882",0,0,1,0,0,0,0,0,0,0,0,0,0,0
"1276885",0,0,1,0,0,0,0,0,0,0,0,0,0,0
"1284476",0,0,0,0,0,1,0,0,0,0,0,0,0,0
"1286666",0,0,0,0,0,0,1,0,0,0,0,0,0,0
"1288698",1,0,1,0,0,0,0,1,0,0,1,0,0,1
"1289307",0,0,0,0,0,1,0,0,0,0,0,0,0,0
"1289952",0,0,0,0,0,0,0,0,0,1,0,0,0,0
"1292102",1,1,1,1,1,0,1,1,1,1,1,1,1,1
"1300786",0,0,0,1,1,0,0,0,1,1,0,0,0,0
"1301002",0,0,0,0,0,0,0,0,0,0,0,0,0,1
"1302055",0,0,0,1,1,0,0,0,1,1,0,0,0,0
"1306259",1,1,1,1,1,0,1,1,1,1,1,0,0,1
"1306322",0,0,0,0,0,0,0,0,0,0,0,1,1,0
"1315884",1,1,1,1,1,1,1,1,1,1,1,1,1,1
"1317655",1,0,1,0,0,0,0,1,0,0,1,0,0,1
"1320508",0,0,0,1,1,0,0,0,1,1,0,0,0,0
"1324847",0,0,0,1,1,0,0,0,1,1,0,0,0,0
"1327890",1,1,1,1,1,0,1,1,1,1,1,1,1,1
"1329234",1,0,1,0,0,0,0,1,0,0,1,0,0,1
"1333669",1,0,1,0,0,0,0,0,0,0,1,0,0,0
"1337545",0,0,0,1,1,0,0,0,1,1,0,0,0,0
"1339645",0,0,0,1,0,0,0,0,0,0,0,0,0,0
"1339741",0,1,0,0,0,0,0,0,0,0,0,0,0,0
"1339774",0,1,0,0,0,0,0,0,0,0,0,0,0,0
"1340002",0,0,0,0,0,0,0,0,0,1,0,0,0,0
"1340497",0,0,0,0,0,1,0,0,0,0,0,0,0,0
"1340775",0,0,0,1,1,0,0,0,1,1,0,0,0,0
"1341023",0,1,0,0,0,0,0,0,0,0,0,0,0,0
"1341029",0,1,0,0,0,0,0,0,0,0,0,0,0,0
"1341032",0,0,0,0,0,0,0,0,0,0,0,1,1,0
"1341044",0,0,0,1,1,0,0,0,1,1,0,0,0,0
"1351724",0,0,0,0,0,0,0,0,0,0,0,1,1,0
"1353013",0,0,0,1,1,0,0,0,1,1,0,0,0,0
"1353773",0,0,0,0,0,0,0,0,0,0,0,0,1,0
"1354636",0,0,0,0,0,0,0,0,0,0,0,0,1,0
"1356135",0,1,0,0,0,0,0,0,0,0,0,0,0,0
"1356186",0,0,0,0,0,0,0,0,0,0,0,1,0,0
"1356648",0,0,0,1,1,0,0,0,1,1,0,0,0,0
"1357308",1,0,1,0,0,0,0,1,0,0,1,0,0,1
"1360045",0,0,0,0,0,1,0,0,0,0,0,0,0,0
"1360209",1,1,1,1,1,0,1,1,1,1,1,0,0,1
"1361190",1,0,1,0,0,0,0,1,0,0,1,0,0,1
"1369735",0,0,0,1,1,0,0,0,1,1,0,0,0,0
"1369927",0,0,0,1,1,0,0,0,1,1,0,0,0,0
"1375044",1,0,1,0,0,0,0,1,0,0,1,0,0,0
"1386648",0,0,0,0,0,0,0,0,0,0,0,1,0,0
"1393626",1,1,1,1,1,0,1,1,1,1,1,1,1,1
"1396922",1,1,1,1,1,1,1,1,1,1,1,1,1,1
"1397201",0,0,0,1,1,0,0,0,1,1,0,0,0,0
"1398542",0,0,0,0,0,0,0,0,0,0,0,0,0,1
"1404723",0,0,0,0,0,0,1,0,0,0,0,0,0,0
"1406165",0,0,0,0,0,0,0,1,0,0,0,0,0,0
"1411210",1,1,1,1,1,1,1,1,1,1,1,1,1,1
"1412928",0,0,0,0,0,0,0,1,0,0,0,0,0,0
"1414653",0,0,0,1,1,0,0,0,1,1,0,0,0,0
"1417793",0,0,0,1,1,0,0,0,1,1,0,0,0,0
"1426928",0,0,0,1,1,0,0,0,1,1,0,0,0,0
"1435763",0,0,0,0,0,0,0,0,0,0,0,1,1,0
"1438115",0,0,0,1,1,0,0,0,1,1,0,0,0,0
"1440469",1,1,1,1,1,1,1,1,1,1,1,1,1,1
"1441026",0,0,0,0,0,0,0,0,0,0,0,0,1,0
"1443219",0,1,0,0,0,0,0,0,0,0,0,0,0,0
"1443354",0,0,0,1,1,0,0,0,1,1,0,0,0,0
"1445781",1,1,1,1,1,0,1,1,1,1,1,1,1,1
"1446927",0,0,0,0,0,0,1,0,0,0,0,0,0,0
"1456304",0,0,0,0,0,1,0,0,0,0,0,0,0,0
"1466056",0,1,0,0,0,0,0,0,0,0,0,0,0,0
"1469746",0,0,0,0,1,0,0,0,0,0,0,0,0,0
"1477596",1,0,1,0,0,0,0,0,0,0,1,0,0,0
"1479618",0,0,0,0,0,1,0,0,0,0,0,0,0,0
"1479628",0,0,0,0,0,1,0,0,0,0,0,0,0,0
"1479649",0,0,0,0,0,1,0,0,0,0,0,0,0,0
"1480945",0,0,0,0,0,1,1,0,0,0,0,0,0,0
"1480948",0,0,0,0,0,1,1,0,0,0,0,0,0,0
"1480972",1,1,1,1,1,0,0,0,1,1,1,1,0,1
"1481602",0,0,0,1,1,0,0,0,1,1,0,0,0,0
"1501700",1,0,1,0,0,0,0,1,0,0,1,0,0,1
"1504841",0,0,0,0,0,0,0,0,0,0,0,1,0,0
"1505194",0,0,0,1,1,0,0,0,1,1,0,0,0,0
"1505973",0,0,0,1,1,0,0,0,1,1,0,0,0,0
"1507626",0,0,0,0,0,0,0,0,0,0,0,1,1,0
"1511460",0,0,0,0,0,0,0,0,0,0,0,0,0,1
"1519245",0,0,0,0,0,0,0,0,0,0,0,0,0,1
"1521526",0,0,0,1,1,0,0,0,1,1,0,0,0,0
"1523175",0,0,0,1,1,0,0,0,1,1,0,0,0,0
"1523247",0,0,0,0,0,0,0,0,0,0,1,0,0,0
"1526100",0,0,0,1,1,0,0,0,1,1,0,0,0,0
"1526819",1,1,1,1,1,0,1,1,1,1,1,1,1,1
"1527802",0,0,0,1,1,0,0,0,1,1,0,0,0,0
"1528576",0,0,0,0,0,0,1,0,0,0,0,0,0,0
"1533163",0,0,0,0,0,0,1,0,0,0,0,0,0,0
"1533208",0,0,0,1,0,1,1,0,0,0,0,0,0,0
"1533241",1,1,1,0,1,0,0,1,1,1,1,0,0,1
"1533268",0,0,0,0,0,0,0,0,0,0,0,0,0,1
"1533286",0,0,0,0,0,0,0,0,0,0,0,0,0,1
"1533334",0,0,0,0,0,0,0,0,0,0,0,0,0,1
"1533547",0,0,0,0,0,1,0,0,0,1,0,0,0,0
"1533550",0,0,0,0,0,1,0,0,0,1,0,0,0,0
"1533583",1,1,1,1,1,0,1,1,1,1,1,0,0,1
"1534548",0,0,0,1,1,0,0,0,1,1,0,0,0,0
"1538659",0,0,0,0,0,0,1,0,0,0,0,0,0,0
"1541172",0,0,0,0,0,0,0,0,0,0,0,0,0,1
"1544255",1,0,1,1,1,0,0,1,1,1,1,0,0,1
"1553249",0,0,0,0,0,0,0,1,0,0,0,0,0,0
"1553633",0,0,0,0,0,0,1,0,0,0,0,0,0,0
"1560912",0,0,0,0,1,0,0,0,0,0,0,0,0,0
"1563717",1,1,1,1,1,0,1,1,1,1,1,0,0,1
"1565566",0,0,0,0,0,0,0,0,0,0,0,0,0,1
"1568178",0,0,0,1,1,0,0,0,1,1,0,0,0,0
"1577241",1,0,1,0,0,0,0,1,0,0,1,0,0,1
"1580680",0,0,0,0,0,0,1,0,0,0,0,0,0,0
"1586534",0,0,0,1,1,0,0,0,1,1,0,0,0,0
"1588899",1,1,1,1,1,0,1,1,1,1,1,1,1,1
"1589739",0,0,0,1,1,0,0,0,1,1,0,0,0,0
"1590555",0,0,0,1,1,0,0,0,1,1,0,0,0,0
"1590720",0,0,0,1,0,0,0,0,0,0,0,0,0,0
"1593274",0,0,0,0,0,0,0,0,0,0,0,0,1,0
"1596599",0,0,0,0,0,0,0,0,0,0,0,0,0,1
"1605226",0,0,0,0,1,0,0,0,0,0,0,0,0,0
"1606673",1,0,1,0,0,0,0,1,0,0,1,0,0,1
"1609840",1,1,1,1,1,0,1,1,1,1,1,1,1,1
"1610076",0,0,0,1,1,0,0,0,1,1,0,0,0,0
"1610403",0,0,0,0,0,1,0,0,0,0,0,0,0,0
"1616061",1,0,1,0,0,0,0,1,0,0,1,0,0,0
"1627772",0,0,0,0,0,0,0,1,0,0,0,0,0,0
"1629237",0,0,0,0,0,0,0,0,0,0,0,0,1,0
"1634418",0,0,0,0,0,0,0,0,0,0,0,0,0,1
"1634523",0,0,0,0,0,0,0,0,0,0,0,1,1,1
"1634610",1,0,1,0,0,0,0,1,0,0,1,1,1,1
"1636958",0,0,0,0,1,0,0,0,0,0,0,0,0,0
"1638020",0,0,0,1,1,0,0,0,1,1,0,0,0,0
"1638188",0,0,0,0,0,0,1,0,0,0,0,0,0,0
"1638191",0,0,0,0,0,0,1,0,0,0,0,0,0,0
"1638194",0,0,0,0,0,0,1,0,0,0,0,0,0,0
"1639418",0,0,0,1,1,0,0,0,1,1,0,0,0,0
"1639643",0,0,0,1,1,0,0,0,1,1,0,0,0,0
"1640442",0,0,0,1,1,0,0,0,1,1,0,0,0,0
"1645599",0,0,0,0,0,0,0,0,0,0,0,1,1,0
"1649741",0,0,0,0,0,0,0,0,0,0,0,1,0,0
"1661087",0,0,0,0,1,0,0,0,0,0,0,0,0,0
"1664877",0,1,0,0,0,0,0,0,0,0,0,0,0,0
"1669060",0,0,0,0,0,0,0,1,0,0,0,0,0,0
"1671880",0,0,0,1,0,0,0,0,0,0,0,0,0,0
"1673526",0,0,0,0,0,0,0,1,0,0,0,0,0,0
"1680047",0,0,1,0,0,0,0,0,0,0,0,0,0,0
"1688300",1,0,1,1,1,0,0,1,1,1,1,0,0,1
"1690975",0,0,0,0,0,0,0,0,0,0,0,0,1,0
"1692141",1,1,1,1,1,0,1,1,1,1,1,1,1,1
"1695037",1,0,1,0,0,0,0,1,0,0,1,0,0,1
"1695674",0,0,0,1,1,0,0,0,1,1,0,0,0,0
"1698911",1,1,1,1,1,0,1,1,1,1,1,1,1,1
"1701684",0,0,1,0,0,0,0,0,0,0,1,0,0,0
"1703433",0,0,0,1,0,0,0,0,0,0,0,0,0,0
"1706119",1,1,1,1,1,1,1,1,1,1,1,1,1,1
"1710786",0,0,0,0,0,1,0,0,0,0,0,0,0,0
"1711645",0,0,0,0,0,0,1,0,0,0,0,0,0,0
"1713192",1,1,1,1,1,0,1,1,1,1,1,0,0,1
"1715942",0,1,0,0,0,0,0,0,0,0,0,0,0,0
"1718444",0,0,0,1,1,0,0,0,1,1,0,0,0,0
"1719757",0,0,0,0,0,0,0,0,0,0,0,1,1,0
"1722200",1,0,1,0,0,0,0,0,0,0,1,0,0,0
"1733134",1,0,1,0,0,0,0,0,0,0,1,0,0,0
"1739062",0,1,0,0,0,0,0,0,0,0,0,0,0,0
"1748854",0,0,0,1,1,0,0,0,1,1,0,0,0,0
"1750465",0,0,0,1,1,0,0,0,1,1,0,0,0,0
"1754132",0,0,0,0,0,0,0,0,1,0,0,0,0,0
"1758790",0,0,0,1,1,0,0,0,1,1,0,0,0,0
"1759252",1,1,1,1,1,1,1,1,1,1,1,1,1,1
"1760923",0,0,0,1,1,0,0,0,1,1,0,0,0,0
"1769007",1,0,0,0,0,0,0,0,0,0,0,0,0,0
"1770246",0,0,0,1,0,0,0,0,0,0,0,0,0,0
"1770945",0,0,1,0,0,0,0,0,0,0,1,0,0,0
"1772699",0,0,0,0,0,1,0,0,0,0,0,0,0,0
"1779370",0,1,0,0,0,0,1,0,0,0,0,1,1,0
"1782432",0,1,0,0,0,0,0,0,0,0,0,0,0,0
"1788627",0,0,0,0,0,0,0,0,0,0,0,1,0,0
"1789516",0,0,0,1,0,0,0,0,0,0,0,0,0,0
"1789564",0,0,0,1,0,0,1,1,1,1,0,0,0,0
"1789654",1,0,1,0,0,1,1,1,0,0,1,1,0,1
"1789675",0,0,0,0,0,0,1,0,0,0,0,0,0,0
"1789678",0,0,0,0,0,0,1,0,0,0,0,1,0,0
"1789746",0,0,0,0,0,0,0,0,0,0,0,0,1,1
"1789756",0,0,0,1,1,0,0,0,1,1,0,0,0,0
"1789795",0,0,1,1,1,0,0,0,1,1,0,0,0,1
"1789798",0,0,1,1,1,0,0,0,1,1,0,0,0,1
"1792778",1,1,1,1,1,0,1,1,1,1,1,0,0,1
"1802726",0,0,1,0,0,0,0,0,0,0,0,0,0,0
"1803176",0,0,0,0,0,0,0,0,0,1,0,0,0,0
"1808820",1,0,0,0,0,0,0,0,0,0,0,0,0,0
"1810677",0,0,1,0,0,0,0,0,0,0,0,0,0,0
"1811375",1,0,1,0,0,0,0,1,0,0,1,0,0,1
"1814493",0,0,0,0,0,0,0,0,0,0,0,0,1,0
"1820308",0,0,0,0,0,0,0,0,0,0,0,1,0,0
"1826343",0,0,0,1,1,0,0,0,1,1,0,0,0,0
"1829576",0,0,0,1,1,0,0,0,1,1,0,0,0,0
"1831288",1,0,1,0,0,0,0,1,0,0,1,0,0,1
"1832738",0,0,0,1,1,0,0,0,1,1,0,0,0,0
"1834177",1,0,1,0,0,0,0,1,0,0,1,0,0,1
"1839260",0,0,0,1,1,0,0,0,1,1,0,0,0,0
"1839329",0,0,0,1,1,0,0,0,1,1,0,0,0,0
"1845816",0,0,0,0,0,0,0,0,0,0,0,1,0,0
"1847919",1,1,1,1,1,0,1,1,1,1,1,1,1,1
"1848147",0,0,0,0,1,0,0,0,0,1,0,0,0,0
"1848969",0,0,0,0,0,0,0,0,0,1,0,0,0,0
"1849051",1,0,1,0,0,0,0,1,0,0,1,0,0,1
"1849609",1,0,1,1,1,0,0,1,1,1,1,0,0,1
"1853974",0,0,0,1,1,0,0,0,1,1,0,0,0,0
"1854265",0,0,0,0,0,1,0,0,0,0,0,0,0,0
"1862446",0,0,0,1,1,0,0,0,1,1,0,0,0,0
"1872959",0,0,0,0,1,0,0,0,0,0,0,0,0,0
"1875207",0,1,0,0,0,0,1,0,0,0,0,0,0,0
"1879029",0,1,0,0,0,0,0,0,0,0,0,0,0,0
"1883443",0,0,0,1,1,0,0,0,1,1,0,0,0,0
"1888373",1,0,1,0,0,0,0,1,0,0,1,0,0,0
"1889579",0,0,0,0,0,0,1,0,0,0,0,0,0,0
"1892017",1,0,1,0,0,0,0,0,0,0,1,0,0,0
"1894422",1,1,1,1,1,0,1,1,1,1,1,0,0,1
"1895946",0,0,0,0,0,1,0,0,0,0,0,0,0,0
"1896900",0,0,0,0,1,0,0,0,0,0,0,0,0,0
"1897608",1,0,0,0,0,0,0,1,0,0,0,0,0,1
"1901340",0,1,0,0,0,0,0,0,0,0,0,0,0,0
"1901493",1,1,1,1,1,1,1,1,1,1,1,1,1,1
"1901924",0,0,0,0,0,0,0,0,0,0,0,1,1,0
"1902591",0,0,0,0,0,1,0,0,0,0,0,0,0,0
"1905585",0,0,0,0,0,0,0,0,0,0,0,1,1,0
"1907296",1,1,1,1,1,1,1,1,1,1,1,1,1,1
"1908820",0,0,0,0,0,0,1,0,0,0,0,0,0,0
"1913811",0,1,0,0,0,0,0,0,0,0,0,0,0,0
"1915700",0,0,0,0,0,0,0,1,0,0,0,0,0,0
"1916137",1,1,1,0,1,0,1,1,1,1,1,0,0,1
"1917972",1,1,1,1,1,1,1,1,1,1,1,1,1,1
"1920120",0,0,0,1,1,0,0,0,1,1,0,0,0,0
"1923954",0,0,0,0,0,0,0,0,0,0,0,1,0,0
"1924008",1,0,1,0,0,0,0,1,0,0,1,0,0,0
"1924765",0,0,0,1,1,0,0,0,1,1,0,0,0,0
"1924890",0,0,0,0,0,0,0,0,0,0,0,1,0,0
"1924959",0,0,0,1,1,0,0,0,1,1,0,0,0,0
"1931219",0,1,0,0,0,0,0,0,0,0,0,0,0,0
"1939032",0,0,0,1,0,0,0,0,0,0,0,0,0,0
"1943723",0,0,0,1,1,0,0,0,1,1,0,0,0,0
"1947282",0,0,1,0,0,0,0,0,0,0,1,0,0,0
"1950767",1,1,1,1,1,1,1,1,1,1,1,1,1,1
"1951686",0,0,0,0,0,1,0,0,0,0,0,0,0,0
"1952160",0,0,0,0,1,0,0,0,0,1,0,0,0,0
"1952304",1,0,0,0,0,0,0,0,0,0,0,0,0,0
"1952601",0,0,0,0,0,0,1,0,0,0,0,0,0,0
"1961735",1,0,1,0,0,0,0,1,0,0,1,0,0,0
"1963383",0,0,0,1,1,0,0,0,1,1,0,0,0,0
"1967026",1,0,1,0,0,0,0,1,0,0,1,0,0,1
"1971298",0,0,0,0,0,1,0,0,0,0,0,0,0,0
"1971725",1,0,1,1,1,0,0,1,1,1,1,0,0,1
"1978668",0,0,0,0,0,0,0,0,0,0,0,1,0,0
"1980652",1,0,1,0,0,0,0,1,0,0,1,0,0,1
"1980871",0,0,0,0,0,0,0,0,0,0,0,1,1,0
"1981207",0,0,0,0,0,0,0,0,1,0,0,0,0,0
"1982901",0,1,0,0,0,0,0,0,0,0,0,0,0,0
"1983039",0,0,0,0,0,0,0,0,0,0,0,0,1,0
"1983042",0,0,0,0,0,0,0,0,0,0,0,1,1,0
"1983195",0,0,0,0,0,0,0,0,1,1,0,0,0,0
"1983198",0,0,0,0,0,0,0,0,1,1,0,0,0,0
"1983239",1,0,1,0,0,0,0,0,0,0,0,0,0,0
"1983291",1,0,1,0,0,0,0,1,0,0,1,0,0,1
"1983528",0,0,0,0,0,1,0,0,0,0,0,0,0,0
"1990256",0,0,0,0,1,0,0,0,0,0,0,0,0,0
"1990361",0,0,0,0,1,0,0,0,0,0,0,0,0,0
"1992077",0,1,0,0,0,0,0,0,0,0,0,0,0,0
"2001687",0,0,0,0,1,0,0,0,0,0,0,0,0,0
"2003105",1,0,1,0,0,0,0,0,0,0,1,0,0,0
"2009738",0,0,0,0,0,1,0,0,0,0,0,0,0,0
"2010991",0,1,0,0,0,0,0,0,0,0,0,0,0,0
"2017291",0,0,0,1,1,0,0,0,1,1,0,0,0,0
"2018882",0,0,0,1,0,0,0,0,0,0,0,0,0,0
"2019236",0,0,0,1,1,0,0,0,1,1,0,0,0,0
"2020144",0,1,0,0,0,0,1,0,0,0,0,0,0,0
"2021011",0,0,0,0,0,0,0,1,0,0,0,0,0,0
"2022607",0,0,0,0,0,0,0,0,0,0,0,1,0,0
"2022868",1,1,1,1,1,1,1,1,1,1,1,1,1,1
"2028967",0,0,0,1,1,0,0,0,1,1,0,0,0,0
"2029189",0,0,0,0,0,0,0,0,0,0,0,1,0,0
"2031458",0,0,0,0,0,0,0,0,0,1,0,0,0,0
"2034070",0,0,0,0,0,0,0,0,0,0,1,0,0,0
"2035018",0,0,0,0,0,0,0,0,0,0,0,0,0,1
"2035893",0,0,0,0,0,0,0,0,0,0,0,1,1,0
"2037015",0,0,1,0,0,0,0,0,0,0,0,0,0,0
"2039908",0,0,0,1,0,0,0,0,0,0,0,0,0,0
"2043005",0,0,1,0,0,0,0,0,0,0,0,0,0,0
"2045262",0,0,0,0,0,0,0,0,0,0,1,0,0,0
"2045310",1,1,1,1,1,0,1,1,1,1,1,1,1,1
"2048967",0,0,0,0,0,0,0,0,0,0,0,0,1,0
"2050061",0,0,0,1,1,0,0,0,1,1,0,0,0,0
"2051746",1,1,1,1,1,1,1,1,1,1,1,1,1,1
"2057141",0,0,0,0,0,0,1,0,0,0,0,0,0,0
"2061958",0,0,0,0,1,0,0,0,0,0,0,0,0,0
"2063106",0,0,0,1,1,0,0,0,1,1,0,0,0,0
"2065434",0,0,0,0,0,0,0,0,0,0,0,0,0,1
"2066471",0,0,0,1,1,0,0,0,1,1,0,0,0,0
"2073075",0,0,0,0,0,1,0,0,0,0,0,0,0,0
"2073614",0,0,0,1,1,0,0,0,1,1,0,0,0,0
"2075287",0,0,0,0,0,0,0,0,1,0,0,0,0,0
"2078024",0,0,0,1,1,0,0,0,1,1,0,0,0,0
"2078246",1,0,1,0,0,0,0,1,0,0,1,0,0,0
"2079211",0,0,0,0,0,0,0,0,0,1,0,0,0,0
"2091024",0,0,0,0,0,0,0,1,0,0,0,0,0,0
"2091783",0,0,0,1,1,0,0,0,1,1,0,0,0,0
"2092391",0,0,0,1,1,0,0,0,1,1,0,0,0,0
"2092745",0,0,0,0,0,0,0,0,1,0,0,0,0,0
"2092970",0,0,0,1,1,0,0,0,1,1,0,0,0,0
"2093998",0,0,0,0,0,0,0,0,0,0,0,1,1,0
"2094556",0,0,0,0,1,0,0,0,0,0,0,0,0,0
"2096094",0,0,0,1,1,0,0,0,1,1,0,0,0,0
"2096186",1,1,1,1,1,1,1,1,1,1,1,1,1,1
"2101002",0,0,0,0,1,0,0,0,0,0,0,0,0,0
"2104779",0,0,0,1,1,0,0,0,1,1,0,0,0,0
"2107168",0,1,0,0,0,0,0,0,0,0,0,0,0,0
"2107275",0,0,0,0,0,0,0,0,0,0,1,0,0,0
"2110365",0,0,0,1,1,0,0,0,1,1,0,0,0,0
"2112832",1,0,1,0,0,0,0,1,0,0,1,0,0,1
"2116903",1,1,1,1,1,1,1,1,1,1,1,1,1,1
"2118897",0,0,0,1,1,0,0,0,1,1,0,0,0,0
"2122135",0,0,0,0,0,0,0,0,0,0,0,0,1,0
"2128276",0,0,0,0,0,0,1,0,0,0,0,0,0,0
"2128372",0,0,0,1,1,0,0,0,1,1,0,0,0,0
"2128870",1,1,1,1,1,1,1,1,1,1,1,1,1,0
"2129281",0,0,0,1,1,0,0,0,1,1,0,0,0,0
"2135154",1,0,1,0,0,0,0,1,0,0,1,0,0,0
"2135661",0,0,0,0,0,0,0,1,0,0,0,0,0,0
"2136335",0,0,0,0,0,0,0,0,0,0,0,0,0,1
"2137343",0,0,0,0,1,0,0,0,0,0,0,0,0,0
"2138453",1,0,1,0,0,0,0,1,0,0,1,0,0,1
"2156868",0,0,0,1,1,0,0,0,1,1,0,0,0,0
"2158582",0,0,0,0,0,0,1,0,0,0,0,0,0,0
"2159319",0,0,0,0,0,0,0,0,0,0,0,0,1,0
"2161808",0,0,0,0,0,0,0,0,0,0,0,1,0,0
"2162756",0,0,0,0,0,0,0,0,0,0,0,1,0,0
"2163412",0,0,0,0,0,0,0,0,0,0,0,1,1,0
"2163415",0,0,0,0,0,0,0,0,0,0,0,1,1,0
"2163493",0,0,0,1,1,0,0,0,1,1,0,0,0,0
"2163496",0,0,0,1,1,0,0,0,1,1,0,0,0,0
"2163504",0,0,0,1,1,0,0,0,1,1,0,0,0,0
"2163790",1,1,1,1,1,1,1,1,1,1,1,1,1,0
"2165503",1,1,1,0,0,0,1,1,0,0,1,0,0,0
"2165901",0,0,0,0,0,0,0,0,0,0,0,0,0,1
"2165902",0,0,0,0,0,0,0,0,0,0,0,0,0,1
"2172935",0,0,0,0,0,0,1,0,0,0,0,0,0,0
"2175826",0,0,0,0,0,1,0,0,0,0,0,0,0,0
"2177968",0,0,0,1,1,0,0,0,1,1,0,0,0,0
"2184289",0,0,0,0,1,0,0,0,0,0,0,0,0,0
"2185358",0,0,0,1,1,0,0,0,1,1,0,0,0,0
"2185799",0,0,0,0,0,0,0,0,0,0,0,0,1,0
"2186054",0,0,0,0,0,0,0,0,0,0,0,1,1,0
"2186165",0,0,0,0,0,0,0,1,0,0,0,0,0,0
"2186917",0,0,0,0,0,0,0,0,0,0,0,1,1,0
"2195641",0,0,0,0,0,0,0,0,0,0,0,0,0,1
"2196879",0,0,0,0,0,0,0,1,0,0,0,0,0,0
"2196882",0,0,0,0,0,0,0,1,0,0,0,0,0,0
"2197065",0,0,0,1,1,0,1,0,1,1,0,0,0,0
"2202500",1,0,1,0,0,0,0,1,0,0,1,0,0,1
"2205511",0,0,0,0,0,0,0,0,0,0,0,1,1,0
"2205981",0,0,0,0,0,0,0,0,0,0,0,0,1,0
"2209383",0,0,0,0,0,0,0,0,0,0,0,0,1,0
"2211826",1,1,1,1,1,0,1,1,1,1,1,1,1,1
"2212762",0,0,0,0,0,1,0,0,0,0,0,0,0,0
"2218012",0,0,0,1,1,0,0,0,1,1,0,0,0,0
"2220512",1,1,1,1,1,1,1,1,1,1,1,1,1,1
"2221108",0,0,0,0,0,0,1,0,0,0,0,0,0,0
"2224523",0,0,0,0,0,0,0,0,0,0,0,1,1,0
"2229801",1,0,1,0,0,0,0,1,0,0,1,0,0,1
"2235087",1,0,1,0,0,0,0,0,0,0,1,0,0,0
"2241646",0,0,0,1,1,0,0,0,1,1,0,0,0,0
"2241742",0,0,0,1,1,0,0,0,1,1,0,0,0,0
"2242615",0,0,0,0,0,0,1,0,0,0,0,0,0,0
"2244770",0,1,0,0,0,0,0,0,0,0,0,0,0,0
"2246603",0,0,0,0,0,1,0,0,0,0,0,0,0,0
"2246960",0,0,0,1,1,0,0,0,1,1,0,0,0,0
"2247677",1,1,1,1,1,0,1,1,1,1,1,0,0,1
"2251605",1,0,1,0,0,0,0,1,0,0,1,0,0,0
"2252802",0,0,0,0,0,0,0,0,1,0,0,0,0,0
"2253453",0,1,0,0,0,0,1,0,0,0,0,0,0,0
"2255514",1,0,0,0,0,0,0,0,0,0,0,0,0,0
"2262857",0,0,0,0,0,0,0,1,0,0,0,0,0,0
"2263746",0,0,0,0,0,0,0,0,0,0,1,0,0,0
"2267015",1,0,1,0,0,0,0,1,0,0,1,0,0,1
"2267296",1,0,0,0,0,0,0,0,0,0,0,0,0,0
"2269179",0,0,0,1,1,0,0,0,1,1,0,0,0,0
"2269545",1,0,1,0,0,0,0,0,0,0,1,0,0,0
"2282377",0,0,0,1,1,0,0,0,1,1,0,0,0,0
"2283191",1,0,1,0,0,0,0,1,0,0,1,0,0,0
"2287121",1,1,1,1,1,1,1,1,1,1,1,1,1,1
"2288085",1,0,1,0,0,0,0,1,0,0,1,0,0,1
"2290567",1,0,0,0,0,0,0,0,0,0,0,0,0,0
"2292136",0,0,0,0,0,0,0,1,0,0,0,0,0,0
"2292946",0,0,0,0,0,0,0,0,0,0,0,1,0,0
"2295917",0,0,0,0,0,0,1,0,0,0,0,0,0,0
"2296181",1,1,0,0,0,0,1,1,0,0,1,0,0,0
"2298194",1,0,1,0,0,0,0,1,0,0,1,0,0,0
"2298776",0,0,0,0,0,1,0,0,0,0,0,0,0,0
"2300237",1,1,1,1,1,1,1,1,1,1,1,1,1,1
"2300552",1,1,1,1,1,0,1,1,1,1,1,1,1,1
"2300555",1,1,1,1,1,0,1,1,1,1,1,1,1,1
"2301089",0,0,0,1,1,0,0,0,1,1,0,0,0,0
"2301782",0,0,0,0,0,0,0,1,0,0,0,0,0,0
"2302880",0,1,0,0,0,0,0,0,0,0,0,0,0,0
"2304662",0,0,0,0,0,0,0,0,0,0,0,0,1,0
"2305067",0,0,0,0,0,0,1,0,0,0,0,0,0,0
"2306306",1,0,0,0,0,0,0,0,0,0,0,0,0,0
"2311099",1,1,1,0,1,0,0,1,0,1,1,0,0,1
"2311357",0,0,0,1,1,0,0,0,1,1,0,0,0,0
"2320842",0,1,0,0,0,0,0,0,0,0,0,0,0,0
"2321975",1,0,1,0,0,0,0,0,0,0,1,0,0,0
"2322929",0,0,0,0,0,1,0,0,0,0,0,0,0,0
"2325142",0,0,0,0,0,0,0,0,0,0,0,1,1,0
"2326192",0,0,0,1,1,0,0,0,1,1,0,0,0,0
"2328285",0,0,0,0,0,1,0,0,0,0,0,0,0,0
"2328954",0,0,0,1,1,0,0,0,1,1,0,0,0,0
"2331620",1,0,1,1,1,0,0,1,0,1,1,0,0,1
"2332112",0,0,0,0,0,0,0,0,0,1,0,0,0,0
"2334007",1,1,1,1,1,0,1,1,1,1,1,1,1,1
"2338810",1,0,1,0,0,0,0,1,0,0,1,0,0,1
"2338990",0,1,0,0,0,0,0,0,0,0,0,0,0,0
"2339719",0,0,0,0,1,0,0,0,0,1,0,0,0,0
"2339722",0,0,0,0,1,0,0,0,0,1,0,0,0,0
"2343122",0,0,0,0,0,0,0,0,0,0,0,0,0,1
"2344740",0,1,0,0,0,0,0,0,0,0,0,0,0,0
"2344950",0,0,0,1,1,0,0,0,1,1,0,0,0,0
"2345037",1,1,1,1,1,0,1,1,1,1,1,1,1,1
"2347037",0,0,0,0,0,0,0,0,0,0,0,0,0,1
"2349634",0,0,0,1,1,0,0,0,1,1,0,0,0,0
"2350186",0,0,0,0,1,0,0,0,1,1,0,0,0,0
"2352142",0,0,0,0,0,0,1,0,0,0,0,0,0,0
"2353070",0,0,0,0,0,0,0,0,0,0,0,1,1,0
"2359330",1,0,0,0,0,0,0,0,0,0,0,0,0,0
"2361604",1,1,1,1,1,0,1,1,1,1,1,1,1,1
"2371562",0,0,0,1,0,0,0,0,0,0,0,0,0,0
"2374442",0,0,0,1,1,0,0,0,1,1,0,0,0,0
"2383959",0,0,0,0,0,0,0,0,0,0,0,0,1,0
"2387733",0,1,1,0,1,1,0,1,0,0,0,0,0,1
"2389896",0,0,0,0,0,0,0,0,0,1,0,0,0,0
"2399271",1,0,0,0,0,0,0,0,0,0,0,0,0,0
"2399834",0,0,0,0,0,0,0,1,0,0,0,0,0,0
"2400110",0,0,0,0,0,0,0,0,0,0,0,0,0,1
"2401417",0,0,0,0,0,0,0,0,0,0,0,0,0,1
"2402439",0,1,0,0,0,0,0,0,0,0,0,0,0,0
"2403375",0,1,0,0,0,0,0,0,0,0,0,0,0,0
"2411496",1,0,1,0,0,0,0,0,0,0,1,0,0,0
"2412584",0,0,0,1,1,0,0,0,1,1,0,0,0,0
"2419142",0,0,0,0,1,0,0,0,0,1,0,0,0,0
"2420528",0,0,0,0,0,0,1,0,0,0,0,0,0,0
"2425471",1,0,1,1,1,0,0,1,1,1,1,0,0,1
"2428517",0,0,1,0,0,0,0,0,0,0,1,0,0,0
"2439519",0,0,0,0,1,0,1,0,0,0,0,0,0,1
"2443409",0,0,0,0,0,0,0,1,0,0,0,0,0,0
"2445849",0,0,1,0,0,0,0,0,0,0,0,0,0,0
"2451700",1,0,1,0,0,0,0,0,0,0,1,0,0,0
"2452778",0,0,0,0,0,0,0,0,0,0,0,0,0,1
"2453920",0,0,0,0,0,0,0,0,0,0,0,1,0,0
"2462871",1,1,1,1,1,0,1,1,1,1,1,0,0,1
"2467746",0,0,0,0,0,0,0,1,0,0,0,0,0,0
"2470934",0,0,0,1,1,0,0,0,1,1,0,0,0,0
"2473699",0,1,0,0,0,0,0,0,0,0,0,0,0,0
"2474686",0,0,1,0,0,0,0,0,0,0,1,0,0,0
"2478541",0,0,0,0,1,0,0,0,0,1,0,0,0,0
"2480796",0,0,0,0,0,1,0,0,0,0,0,0,0,0
"2483497",0,1,0,0,0,0,0,0,0,0,0,0,0,0
"2484378",0,0,0,0,0,0,0,0,0,0,0,0,1,0
"2489669",0,0,0,0,0,1,0,0,0,0,0,0,0,0
"2491597",1,0,1,0,0,0,0,0,0,0,1,0,0,0
"2495500",0,0,0,1,1,0,0,0,1,1,0,0,0,0
"2495824",0,0,0,0,1,0,0,0,0,0,0,0,0,0
"2505085",1,0,1,0,0,0,0,1,0,0,1,0,0,1
"2508395",0,0,0,1,1,0,0,0,1,1,0,0,0,0
"2509181",0,0,0,1,1,0,0,0,1,1,0,0,0,0
"2509722",1,1,1,1,1,1,1,1,1,1,1,1,1,1
"2514983",0,0,0,0,0,0,0,0,1,0,0,0,0,0
"2518076",0,1,0,0,0,0,0,0,0,0,0,0,0,0
"2518132",0,0,0,1,1,0,0,0,1,1,0,0,0,0
"2520466",0,1,0,0,0,0,0,0,0,0,0,0,0,0
"2521342",1,1,1,1,1,1,1,1,1,1,1,1,1,1
"2526974",1,1,1,1,1,0,1,1,1,1,1,0,0,1
"2527120",0,0,0,0,0,0,1,0,0,0,0,0,0,0
"2528931",0,0,0,1,1,0,0,0,1,1,0,0,0,0
"2528992",0,0,0,0,0,0,0,0,0,0,0,1,1,0
"2529680",1,1,1,1,1,0,1,1,1,1,1,1,1,1
"2531742",1,1,1,1,1,0,1,1,1,1,1,1,1,1
"2533237",0,0,0,1,1,0,0,0,1,1,0,0,0,0
"2533377",1,0,1,0,0,0,0,1,0,0,1,0,0,1
"2536599",1,0,1,0,0,0,0,1,0,0,1,0,0,0
"2536626",0,0,0,1,1,0,0,0,1,1,0,0,0,0
"2540241",0,0,0,0,0,0,1,0,0,0,0,0,0,0
"2543395",1,0,1,0,0,0,0,1,0,0,1,0,0,1
"2551574",0,0,0,0,0,0,0,0,0,0,0,0,0,1
"2551577",1,0,1,0,0,0,0,1,0,0,1,0,0,1
"2553682",0,0,0,1,1,0,0,0,1,1,0,0,0,0
"2556684",0,0,1,0,0,0,0,0,0,0,0,0,0,0
"2560053",0,1,0,0,0,0,0,0,0,0,0,0,0,0
"2560539",0,0,0,0,0,0,1,0,0,0,0,0,0,0
"2564025",1,0,0,0,0,0,0,0,0,0,0,0,0,0
"2570293",0,0,0,0,0,0,0,0,0,0,0,0,0,1
"2574022",0,1,0,0,0,0,1,0,0,0,0,0,0,0
"2574537",1,0,0,0,0,0,0,0,0,0,0,0,0,0
"2581109",0,0,0,1,1,0,0,0,1,1,0,0,0,0
"2586076",1,0,1,0,0,0,0,1,0,0,1,0,0,1
"2586127",1,1,1,1,1,1,1,1,1,1,1,1,1,1
"2587746",0,0,1,0,0,0,0,0,0,0,0,0,0,0
"2592310",1,0,1,0,0,0,0,1,0,0,1,0,0,0
"2597696",0,0,0,0,0,0,0,0,0,0,0,1,1,0
"2598400",1,1,1,1,1,0,1,1,1,1,1,1,1,1
"2600260",1,0,1,0,0,0,0,1,0,0,1,0,0,1
"2602454",0,0,0,0,0,0,0,0,0,0,0,0,0,1
"2603797",0,0,0,0,0,0,1,0,0,0,0,0,0,0
"2608819",0,0,0,0,0,0,0,1,0,0,0,0,0,0
"2611704",0,0,0,1,1,0,0,0,1,1,0,0,0,0
"2612256",1,0,1,0,0,0,0,1,0,0,1,0,0,1
"2617673",0,1,0,0,0,0,1,0,0,0,0,0,0,0
"2622375",0,0,1,0,0,0,0,0,0,0,0,0,0,0
"2622508",0,0,0,1,1,0,0,0,1,1,0,0,0,0
"2625924",1,0,1,1,1,0,0,1,1,1,1,0,0,1
"2626004",1,0,1,0,1,0,0,1,0,0,1,0,0,1
"2626011",1,0,1,0,0,0,0,1,0,0,1,0,0,1
"2626149",0,0,0,0,0,0,0,0,0,0,0,0,0,1
"2626514",1,0,1,0,0,0,0,1,0,0,1,0,0,1
"2627946",1,0,1,0,0,0,0,0,0,0,1,0,0,1
"2630005",0,0,0,0,0,0,0,0,0,0,0,1,0,0
"2630158",0,0,0,0,0,0,0,0,0,0,0,1,0,0
"2630161",0,0,0,0,0,0,0,0,0,0,0,1,0,0
"2630182",0,0,0,0,0,0,0,0,0,0,0,1,0,0
"2630188",0,0,0,0,0,0,0,0,0,0,0,1,0,0
"2631371",1,0,1,0,0,0,0,0,0,0,1,0,0,1
"2631505",0,0,0,0,0,0,0,0,0,0,0,1,0,0
"2631509",0,0,0,0,0,0,0,0,0,0,0,1,0,0
"2631512",0,0,0,0,0,0,0,0,0,0,0,1,0,0
"2631515",0,0,0,0,0,0,0,0,0,0,0,1,0,0
"2631583",0,0,0,0,0,0,0,0,0,0,0,1,0,0
"2631599",0,0,0,0,0,0,0,0,0,0,0,1,0,0
"2631620",0,0,0,0,0,0,0,0,0,0,0,1,0,0
"2631641",0,0,0,1,1,0,0,0,1,1,0,0,0,0
"2631743",0,0,0,0,0,0,0,0,0,0,0,1,0,0
"2631755",0,0,0,0,0,0,0,0,0,0,0,1,0,0
"2631761",0,0,0,0,0,0,0,0,0,0,0,1,0,0
"2631827",0,0,0,0,0,0,0,0,0,0,0,1,0,0
"2631962",0,0,0,0,0,0,0,0,0,0,0,1,0,0
"2631968",0,0,0,0,0,0,0,0,0,0,0,1,0,0
"2631971",0,0,0,0,0,0,0,0,0,0,0,1,0,0
"2631977",0,0,0,0,0,0,0,0,0,0,0,1,0,0
"2640300",0,0,0,0,0,1,0,0,0,0,0,0,0,0
"2640807",0,0,0,0,0,0,0,0,0,0,0,0,0,1
"2643653",0,0,0,1,1,0,0,0,1,1,0,0,0,0
"2647429",0,0,0,1,1,0,0,0,1,1,0,0,0,0
"2653367",0,0,0,1,0,0,0,0,0,0,0,0,0,0
"2656383",0,1,0,0,0,0,0,0,0,0,0,0,0,0
"2663210",0,0,0,1,1,0,0,0,1,1,0,0,0,0
"2663795",1,0,1,0,0,0,0,1,0,0,1,0,0,0
"2671061",0,1,0,0,0,0,1,0,0,0,0,0,0,0
"2674247",1,0,0,0,0,0,0,0,0,0,0,0,0,0
"2677352",0,0,0,0,0,0,0,0,0,0,0,0,0,1
"2683955",0,0,0,0,1,0,0,0,0,0,0,0,0,0
"2685701",0,0,0,0,0,0,0,0,0,0,0,1,1,0
"2694026",0,0,0,1,1,0,0,0,1,1,0,0,0,0
"2696977",0,0,0,1,1,0,0,0,1,1,0,0,0,0
"2704291",0,0,0,1,1,0,0,0,1,1,0,0,0,0
"2709795",0,0,0,1,1,0,0,0,1,1,0,0,0,0
"2711722",1,0,1,0,0,0,0,1,0,0,1,0,0,1
"2715738",0,0,0,0,0,0,0,0,0,0,0,0,0,1
"2721562",1,1,1,1,1,0,1,1,1,1,1,0,0,1
"2723506",1,0,1,1,1,0,0,1,1,1,1,0,0,1
"2724782",0,1,0,0,0,0,0,0,0,0,0,0,0,0
"2726636",0,0,0,0,0,0,0,1,0,0,0,0,0,0
"2731741",0,0,0,1,1,0,0,0,1,1,0,0,0,0
"2733643",0,0,0,0,0,0,0,0,1,0,0,0,0,0
"2739174",0,1,0,0,0,0,1,0,0,0,0,0,0,0
"2740079",0,0,0,0,0,0,0,0,0,0,0,1,1,0
"2741209",1,0,1,0,0,0,0,1,0,0,1,0,0,1
"2742477",0,0,0,0,0,1,0,0,0,0,0,0,0,0
"2745839",0,0,0,1,1,0,0,0,1,1,0,0,0,0
"2747892",0,0,1,0,0,0,0,0,0,0,0,0,0,0
"2751072",0,0,0,1,1,0,0,0,1,1,0,0,0,0
"2752854",0,0,0,0,0,0,1,0,0,0,0,0,0,0
"2754225",0,0,0,0,0,0,0,0,1,0,0,0,0,0
"2755112",0,0,0,1,1,0,0,0,1,1,0,0,0,0
"2757704",0,0,0,0,0,0,0,0,0,0,0,1,1,0
"2759390",0,1,0,0,0,0,0,0,0,0,0,0,0,0
"2764206",0,0,0,1,1,0,0,0,1,1,0,0,0,0
"2766206",0,0,0,1,0,0,0,0,0,0,0,0,0,0
"2772475",0,0,0,0,0,0,0,0,0,0,0,0,0,1
"2772960",0,0,0,1,1,0,0,0,1,1,0,0,0,0
"2773445",1,0,0,0,0,0,0,0,0,0,0,0,0,0
"2775361",1,0,1,0,0,0,0,1,0,0,1,0,0,1
"2780415",0,0,1,0,0,0,0,0,0,0,1,0,0,0
"2788195",0,0,0,0,0,1,0,0,0,0,0,0,0,0
"2788963",0,1,0,0,0,0,0,0,0,0,0,0,0,0
"2789798",1,0,1,0,0,0,0,1,0,0,1,0,0,1
"2790578",0,0,0,0,0,0,0,0,0,0,0,1,1,0
"2791079",0,0,0,1,1,0,0,0,1,1,0,0,0,0
"2791475",0,0,0,1,1,0,0,0,1,1,0,0,0,0
"2794910",0,0,0,0,0,0,0,0,0,0,0,0,1,0
"2794922",0,0,0,0,0,0,1,0,0,0,0,0,0,0
"2795400",0,0,0,0,1,0,0,0,0,0,0,0,0,0
"2795454",0,0,0,0,0,0,0,0,0,0,0,1,1,0
"2803867",0,0,0,0,1,0,0,0,0,0,0,0,0,0
"2806102",0,0,0,0,0,0,0,0,0,0,1,0,0,0
"2807805",0,0,0,1,0,0,0,0,0,0,0,0,0,0
"2809250",0,0,0,0,0,1,0,0,0,0,0,0,0,0
"2809895",0,0,0,1,1,0,0,0,1,1,0,0,0,0
"2818837",1,1,1,1,1,1,1,1,1,1,1,1,1,1
"2821342",1,1,1,1,1,0,1,1,1,1,1,1,1,1
"2824216",0,0,0,0,0,0,0,0,0,0,0,1,0,0
"2824219",0,0,0,0,0,0,0,0,0,0,0,1,0,0
"2824432",0,0,0,1,1,0,0,0,1,1,0,0,0,0
"2825466",1,0,1,1,1,0,0,1,1,1,1,0,0,1
"2825581",1,0,1,0,0,0,0,1,0,0,1,0,0,0
"2826502",0,0,0,0,0,1,0,0,0,0,0,0,0,0
"2826532",0,1,0,0,0,0,0,0,0,0,0,0,0,0
"2840453",0,0,0,0,0,0,0,0,0,0,0,1,0,0
"2845823",0,0,0,0,1,0,0,0,0,0,0,0,0,0
"2847281",1,0,1,1,1,0,0,1,1,1,1,0,0,1
"2853375",0,0,0,0,0,0,0,0,0,0,0,0,1,0
"2854273",0,0,0,0,0,0,1,0,0,0,0,0,0,0
"2855259",1,1,1,1,1,1,1,1,1,1,1,1,1,1
"2863936",0,0,0,0,1,0,0,0,0,0,0,0,0,0
"2865882",1,1,1,1,1,0,1,1,1,1,1,1,1,1
"2866242",0,0,0,0,0,1,0,0,0,0,0,0,0,0
"2866569",0,0,0,0,0,0,0,0,0,0,0,0,0,1
"2866647",1,0,1,0,0,0,0,1,0,0,1,0,0,1
"2866671",1,0,1,0,0,0,0,1,0,0,1,0,0,1
"2866677",1,0,1,0,0,0,0,1,0,0,1,0,0,1
"2866815",1,0,1,0,0,0,0,1,0,0,1,0,0,1
"2866863",1,0,1,0,0,0,0,1,0,0,1,0,0,1
"2867207",1,0,1,0,0,0,0,1,0,0,1,0,0,1
"2867231",1,0,1,0,0,0,0,1,0,0,1,0,0,1
"2867240",1,0,1,0,0,0,0,1,0,0,0,0,0,1
"2867447",1,0,0,0,0,0,0,0,0,0,0,0,0,1
"2867459",1,0,1,0,0,0,1,1,0,0,1,0,0,1
"2867522",1,0,1,0,0,0,0,1,0,0,1,0,0,1
"2867552",1,0,1,0,0,0,0,1,0,0,1,0,0,1
"2867594",1,0,1,0,0,0,0,1,0,0,1,0,0,1
"2867756",1,0,1,0,0,0,0,1,0,0,1,0,0,1
"2868976",0,0,0,0,0,0,0,0,0,0,0,1,1,0
"2871251",0,1,0,0,0,0,0,0,0,0,0,0,0,0
"2871977",0,0,0,0,0,0,1,0,0,0,0,0,0,0
"2880431",0,0,0,1,1,0,0,0,1,1,0,0,0,0
"2886570",1,0,1,1,1,0,0,1,1,1,1,0,0,1
"2889564",0,0,0,0,0,0,0,0,0,0,0,1,0,0
"2889633",1,1,1,1,1,1,1,1,1,1,1,1,1,1
"2891267",1,1,1,1,1,1,1,1,1,1,1,1,1,1
"2894208",1,1,1,1,1,1,1,1,1,1,1,1,1,1
"2894664",0,0,0,1,0,0,0,0,0,0,0,0,0,0
"2897528",0,0,0,1,1,0,0,0,1,1,0,0,0,0
"2898522",1,0,1,0,0,0,0,1,0,0,1,0,0,1
"2898717",1,0,0,0,0,0,0,0,0,0,0,0,0,0
"2903439",1,0,1,0,0,0,0,1,0,0,1,0,0,1
"2906479",0,1,0,0,0,0,0,0,0,0,0,0,0,0
"2906978",0,1,0,0,0,0,1,0,0,0,0,0,0,0
"2911823",0,1,0,0,0,0,0,0,0,0,0,0,0,0
"2912294",1,1,1,1,1,1,1,1,1,1,1,1,1,1
"2913361",0,0,0,0,0,0,0,0,0,0,0,1,0,0
"2913880",0,0,0,1,1,0,0,0,1,1,0,0,0,0
"2922984",0,0,0,0,1,0,0,0,0,1,0,0,0,0
"2923391",1,1,1,0,1,1,1,1,0,1,1,1,1,1
"2924461",0,0,0,0,0,0,0,0,0,0,0,1,1,0
"2925683",0,0,0,1,1,0,0,0,1,1,0,0,0,0
"2926882",0,0,0,1,1,0,0,0,1,1,0,0,0,0
"2927015",0,1,0,0,0,0,0,0,0,0,0,0,0,0
"2930751",0,0,0,0,0,0,0,0,1,0,0,0,0,0
"2933900",0,0,0,0,0,0,0,0,1,0,0,0,0,0
"2942011",0,0,0,0,0,0,0,0,0,0,0,0,1,0
"2948650",0,0,0,1,1,0,0,0,1,1,0,0,0,0
"2949025",0,0,0,1,1,0,0,0,1,1,0,0,0,0
"2952351",0,0,0,1,0,0,0,0,0,0,0,0,0,0
"2954521",0,0,0,0,0,0,0,0,0,0,0,0,1,0
"2960153",0,0,0,0,0,0,0,0,0,1,0,0,0,0
"2961605",0,0,0,0,1,0,0,0,0,1,0,0,0,0
"2965242",0,0,0,0,0,0,0,0,0,0,0,0,1,0
"2970673",0,0,0,0,0,0,0,0,0,0,0,0,1,0
"2978870",0,0,1,0,0,0,0,0,0,0,0,0,0,0
"2982956",0,1,0,0,0,0,0,0,0,0,0,0,0,0
"2987405",0,0,0,0,0,0,1,0,0,0,0,0,0,0
"2987918",0,0,0,1,1,0,0,0,1,1,0,0,0,0
"2988605",0,0,0,0,0,0,0,0,1,0,0,0,0,0
"2989683",0,0,0,1,1,0,0,0,1,1,0,0,0,0
"2994187",1,0,1,0,1,0,0,1,0,0,1,0,0,1
"2994964",0,0,0,1,1,0,0,0,1,1,0,0,0,0
"2995375",0,0,0,0,0,0,0,0,0,0,0,0,0,1
"2997224",0,0,0,0,0,0,0,1,0,0,0,0,0,0
"3005618",0,1,0,0,0,0,1,0,0,0,0,0,0,0
"3006898",0,0,0,1,1,0,0,0,1,1,0,0,0,0
"3015379",0,0,0,1,1,0,0,0,1,1,0,0,0,0
"3021283",0,0,0,1,1,0,0,0,1,1,0,0,0,0
"3022811",0,0,0,1,1,0,0,0,1,1,0,0,0,0
"3024021",1,0,1,0,0,0,0,1,0,0,1,0,0,1
"3033189",1,0,1,0,0,0,0,1,0,0,1,0,0,1
"3035007",0,0,0,0,0,0,0,1,0,0,0,0,0,0
"3036863",0,0,0,0,0,0,0,1,0,0,0,0,0,0
"3037115",0,0,0,0,0,0,1,0,0,0,0,0,0,0
"3051209",0,0,0,0,0,0,0,0,0,0,0,1,0,0
"3053973",0,0,0,1,1,0,0,0,1,1,0,0,0,0
"3054081",1,1,1,1,1,0,1,1,1,1,1,1,1,1
"3054321",1,1,1,1,1,1,1,1,1,1,1,1,1,1
"3055062",0,0,0,0,1,0,0,0,0,0,0,0,0,0
"3057167",0,0,0,1,0,0,0,0,0,0,0,0,0,0
"3057617",0,0,1,0,0,0,0,0,0,0,0,0,0,0
"3064632",0,0,0,1,1,0,0,0,1,1,0,0,0,0
"3064941",0,0,0,1,0,0,0,0,0,0,0,0,0,0
"3065859",0,0,0,0,0,1,0,0,0,0,0,0,0,0
"3066546",0,0,0,0,0,0,0,0,1,0,0,0,0,0
"3069805",0,0,0,1,1,0,0,0,1,1,0,0,0,0
"3071551",0,0,0,0,1,0,0,0,0,0,0,0,0,0
"3074830",0,0,0,1,1,0,0,0,1,1,0,0,0,0
"3081341",0,0,0,0,0,0,0,1,0,0,0,0,0,0
"3081353",0,0,0,1,1,0,0,0,0,1,0,0,0,0
"3084944",0,0,0,1,1,0,0,0,1,1,0,0,0,0
"3088625",0,0,0,1,1,0,0,0,1,1,0,0,0,0
"3091595",0,1,0,0,0,0,0,0,0,0,0,0,0,0
"3099657",0,0,0,1,1,0,0,0,1,1,0,0,0,0
"3100017",0,0,0,0,0,0,0,0,0,0,0,0,0,1
"3104189",1,0,1,1,1,0,0,1,1,1,1,0,0,1
"3108217",0,0,0,0,0,0,0,0,0,0,0,1,1,0
"3111476",1,0,1,0,0,0,0,1,0,0,1,0,0,1
"3112594",1,0,0,0,0,0,0,0,0,0,0,0,0,0
"3125518",0,0,0,0,0,0,0,0,0,0,0,1,1,0
"3129359",0,0,0,0,0,0,1,0,0,0,0,0,0,0
"3131974",0,0,0,0,0,0,0,0,1,0,0,0,0,0
"3132963",0,0,0,0,1,0,0,0,0,0,0,0,0,0
"3133054",1,0,1,1,1,0,0,1,1,1,1,0,0,1
"3134017",0,0,0,0,0,0,0,0,0,0,0,0,0,1
"3134207",0,0,0,0,0,0,1,0,0,0,0,0,0,0
"3134411",1,0,0,0,0,0,0,0,0,0,0,0,0,0
"3135859",0,0,0,0,1,0,0,0,0,1,0,0,0,0
"3135950",1,0,1,0,1,0,0,0,1,1,1,0,0,0
"3136576",0,1,0,0,0,0,0,0,0,0,0,0,0,0
"3137681",0,0,0,1,1,0,0,0,1,1,0,0,0,0
"3138138",0,0,0,0,0,0,1,0,0,0,0,0,0,0
"3145174",0,0,0,0,0,0,0,0,0,0,0,0,0,1
"3147511",0,0,0,0,0,0,0,0,0,0,0,0,0,1
"3147742",0,1,0,0,0,0,0,0,0,0,0,0,0,0
"3153801",0,0,0,0,0,0,1,0,0,0,0,0,0,0
"3165636",1,0,1,0,0,0,0,0,0,0,1,0,0,0
"3166086",0,0,0,0,0,0,0,0,0,0,1,0,0,0
"3168967",0,0,0,0,0,1,0,0,0,0,0,0,0,0
"3173283",0,0,0,0,0,0,0,0,0,0,0,0,0,1
"3175141",0,0,0,0,0,0,0,0,0,0,0,1,1,0
"3176612",0,0,0,0,0,1,0,0,0,0,0,0,0,0
"3177884",1,1,1,1,1,1,1,1,1,1,1,1,1,1
"3178968",0,0,0,0,0,0,0,0,1,0,0,0,0,0
"3181601",0,0,0,0,0,0,0,0,0,0,0,0,0,1
"3188428",0,0,0,1,1,0,0,0,1,1,0,0,0,0
"3189242",1,0,1,1,1,0,0,1,1,1,1,0,0,1
"3195731",0,0,0,1,1,0,0,0,1,1,0,0,0,0
"3197917",0,0,0,1,1,0,0,0,1,1,0,0,0,0
"3198115",0,0,0,0,0,0,0,0,0,0,0,1,1,0
"3200304",0,0,0,1,1,0,0,0,1,1,0,0,0,0
"3202629",0,0,0,1,1,0,0,0,1,1,0,0,0,0
"3207640",0,0,0,0,0,1,0,0,0,0,0,0,0,0
"3213615",0,0,0,0,0,0,1,0,0,0,0,0,0,0
"3216553",0,0,0,1,1,0,0,0,1,1,0,0,0,0
"3221093",0,0,0,1,1,0,0,0,1,1,0,0,0,0
"3226181",1,1,1,1,1,1,1,1,1,1,1,1,1,1
"3231091",0,0,0,0,0,0,1,0,0,0,0,0,0,0
"3232492",0,0,0,0,0,0,0,0,0,0,1,0,0,0
"3233605",0,0,0,1,1,0,0,0,1,1,0,0,0,0
"3237231",0,0,0,0,1,0,0,0,0,0,0,0,0,0
"3241531",0,0,0,0,0,0,0,0,0,1,0,0,0,0
"3243197",0,0,0,1,1,0,0,0,1,1,0,0,0,0
"3247853",1,1,1,1,1,1,1,1,1,1,1,1,1,1
"3247856",1,1,1,1,1,1,1,1,1,1,1,1,1,1
"3247874",1,1,1,1,1,1,1,1,1,1,1,1,0,1
"3247877",1,1,1,1,1,1,1,1,1,1,1,1,1,1
"3247883",1,1,1,1,1,1,1,1,1,1,1,1,1,1
"3248075",1,1,1,1,1,1,1,1,1,1,1,1,1,1
"3252481",0,0,0,0,0,0,0,0,0,0,1,0,0,0
"3253552",0,0,0,0,0,0,0,0,0,0,0,1,0,0
"3253582",0,0,0,0,0,0,0,0,0,0,0,1,0,0
"3253585",0,0,0,0,0,0,0,0,0,0,0,1,0,0
"3254758",0,0,0,1,1,0,0,0,1,1,0,0,0,0
"3255647",0,1,0,0,0,0,0,0,0,0,0,0,0,0
"3256494",1,1,1,1,1,0,1,1,1,1,1,1,1,1
"3259695",1,0,0,0,0,0,0,0,0,0,0,0,0,0
"3260430",0,0,0,1,1,0,0,0,1,1,0,0,0,0
"3266030",1,0,1,1,1,0,0,1,1,1,1,0,0,1
"3269581",1,1,1,1,1,1,1,1,1,1,1,1,1,1
"3270784",1,1,1,1,1,1,1,1,1,1,1,1,1,1
"3274545",0,0,0,1,1,0,0,0,1,1,0,0,0,0
"3275416",0,0,0,0,0,1,0,0,0,0,0,0,0,0
"3280448",0,0,0,0,0,0,0,0,0,0,0,0,1,0
"3283544",0,0,0,0,0,0,0,1,0,0,0,0,0,0
"3284855",1,0,1,0,0,0,0,1,0,0,1,0,0,1
"3293423",0,0,0,1,1,0,0,0,1,1,0,0,0,0
"3295124",0,0,0,1,1,0,0,0,1,1,0,0,0,0
"3296180",0,0,0,0,1,0,0,0,0,0,0,0,0,0
"3297187",0,0,0,0,0,1,0,0,0,0,0,0,0,0
"3311119",0,0,0,1,1,0,0,0,1,1,0,0,0,0
"3314412",1,0,1,1,1,0,0,1,1,1,1,0,0,1
"3328342",1,0,0,0,0,0,0,0,0,0,0,0,0,0
"3328495",0,0,0,1,1,0,0,0,1,1,0,0,0,0
"3332254",0,1,0,0,0,0,0,0,0,0,0,0,0,0
"3336359",1,0,0,0,0,0,0,0,0,0,0,0,0,0
"3336427",0,0,0,0,1,0,0,0,0,0,0,0,0,0
"3345653",0,0,0,0,0,1,0,0,0,0,0,0,0,0
"3346224",0,1,0,0,0,0,0,0,0,0,0,0,0,0
"3350883",0,0,0,1,1,0,0,0,1,1,0,0,0,0
"3352932",1,1,1,1,1,0,1,1,1,1,1,0,0,1
"3353711",0,0,0,0,0,0,0,0,0,0,0,0,0,1
"3355161",0,1,0,0,0,0,1,0,0,0,0,0,0,0
"3356343",0,0,0,0,0,0,0,0,0,0,1,0,0,0
"3364142",0,0,0,1,1,0,0,0,1,1,0,0,0,0
"3367765",1,1,1,1,1,1,1,1,1,1,1,1,1,1
"3368566",0,0,0,0,0,0,1,0,0,0,0,0,0,0
"3390056",1,0,0,0,0,0,0,0,0,0,0,0,0,0
"3390059",0,1,0,0,0,0,0,0,0,0,0,0,0,0
"3392523",0,0,0,1,1,0,0,0,1,1,0,0,0,0
"3396227",0,0,0,0,0,0,0,0,1,0,0,0,0,0
"3398228",0,1,0,0,0,0,0,0,0,0,0,0,0,0
"3401850",0,0,0,1,1,0,0,0,1,1,0,0,0,0
"3401871",1,1,1,1,1,0,1,1,1,1,1,0,0,1
"3401939",1,0,0,0,0,0,0,0,0,0,0,0,0,0
"3404376",1,1,1,1,1,0,1,1,1,1,1,0,0,1
"3407028",0,0,0,1,1,0,0,0,1,1,0,0,0,0
"3408578",1,0,0,0,0,0,0,0,0,0,0,0,0,0
"3414343",0,0,0,0,0,1,0,0,0,0,0,0,0,0
"3417157",0,0,0,0,0,1,0,0,0,0,0,0,0,0
"3424462",0,0,0,1,1,0,0,0,1,1,0,0,0,0
"3424534",0,0,0,0,0,0,0,1,0,0,0,0,0,0
"3427632",0,0,0,1,1,0,0,0,1,1,0,0,0,0
"3432618",0,0,0,0,0,0,0,0,0,0,0,0,1,0
"3440464",1,1,1,1,1,1,1,1,1,1,1,1,1,1
"3440542",0,0,0,1,1,0,0,0,1,1,0,0,0,0
"3441226",0,1,0,0,0,0,0,0,0,0,0,0,0,0
"3445947",0,0,1,0,0,0,0,0,0,0,0,0,0,0
"3449787",0,0,0,0,0,0,1,0,0,0,0,0,0,0
"3450725",1,1,1,1,1,0,1,1,1,1,1,0,0,1
"3455686",1,1,1,1,1,0,1,1,1,1,1,0,0,1
"3456666",1,1,1,1,1,1,1,1,1,1,1,1,1,1
"3460765",0,0,0,1,1,0,0,0,1,1,0,0,0,0
"3462378",0,0,1,0,0,0,0,0,0,0,0,0,0,0
"3465626",0,0,0,0,0,0,0,0,0,0,0,0,1,0
"3467465",1,0,1,1,1,0,0,1,1,1,1,0,0,1
"3468629",0,0,0,0,0,1,0,0,0,0,0,0,0,0
"3474597",0,0,0,1,1,0,0,0,1,1,0,0,0,0
"3477942",1,0,1,0,0,0,0,1,0,0,1,0,0,1
"3483732",0,0,0,0,1,0,0,0,0,0,0,0,0,0
"3487108",1,0,1,0,0,0,0,1,0,0,1,0,0,1
"3497586",0,0,0,1,1,0,0,0,1,1,0,0,0,0
"3498198",1,0,1,0,0,0,0,1,0,0,1,0,0,0
"3500149",1,0,1,0,0,0,0,1,0,0,1,0,0,1
"3500243",1,0,1,0,0,0,0,1,0,0,1,0,0,1
"3502054",0,1,0,0,0,0,0,0,0,0,0,0,0,0
"3506280",0,0,0,0,0,0,1,0,0,0,0,0,0,0
"3508970",1,0,1,0,0,0,0,1,0,0,1,0,0,0
"3511747",0,0,0,0,0,0,0,0,0,0,0,0,1,0
"3518392",0,0,0,0,0,0,0,0,0,0,0,0,0,1
"3520049",0,0,0,1,0,0,0,0,0,0,0,0,0,0
"3520400",0,0,0,1,0,0,0,0,0,0,0,0,0,0
"3524416",0,0,0,0,0,1,0,0,0,0,0,0,0,0
"3526986",0,0,0,1,1,0,0,0,1,1,0,0,0,0
"3533576",0,0,0,0,0,0,1,0,0,0,0,0,0,0
"3533759",0,0,0,1,1,0,0,0,1,1,0,0,0,0
"3544710",0,1,0,0,0,0,1,0,0,0,0,0,0,0
"3550789",1,0,1,0,0,0,0,1,0,0,1,0,0,1
"3561085",0,0,0,1,0,0,0,0,0,0,0,0,0,0
"3562423",0,0,0,1,0,0,0,0,0,0,0,0,0,0
"3564253",0,0,0,0,0,0,1,0,0,0,0,0,0,0
"3566177",0,1,0,0,0,0,0,0,0,0,0,0,0,0
"3576404",0,0,0,0,0,0,0,0,0,0,0,0,0,1
"3581476",0,0,0,0,0,0,0,0,0,0,0,0,0,1
"3587072",0,1,0,0,0,0,0,0,0,0,0,0,0,0
"3587446",1,0,1,0,0,0,0,1,0,0,1,0,0,1
"3595958",0,0,0,1,0,0,0,0,0,0,0,0,0,0
"3597737",0,0,0,0,0,0,1,0,0,0,0,0,0,0
"3600576",1,0,1,0,0,0,0,1,0,0,1,0,0,1
"3604462",0,0,0,0,0,0,0,0,0,0,0,1,1,0
"3604821",0,0,1,0,1,0,0,1,0,0,0,0,0,1
"3608000",0,0,0,0,1,0,0,0,0,0,0,0,0,0
"3614982",1,1,1,1,1,0,1,1,1,1,1,1,1,1
"3615168",0,0,0,0,1,0,0,0,0,0,0,0,0,0
"3620430",0,0,0,0,0,0,0,1,0,0,0,0,0,0
"3622441",1,1,1,1,1,1,1,1,1,1,1,1,1,1
"3623861",0,0,0,0,0,0,0,1,0,0,0,0,0,0
"3624794",0,0,0,0,0,0,1,0,0,0,0,0,0,0
"3625947",0,0,0,0,0,1,0,0,0,0,0,0,0,0
"3626305",0,0,0,0,0,0,1,0,0,0,0,0,0,0
"3628520",1,0,1,0,0,0,0,1,0,0,1,0,0,1
"3628535",0,0,0,0,0,0,0,0,0,0,1,0,0,0
"3629776",0,0,0,1,1,0,0,0,1,1,0,0,0,0
"3630858",0,0,0,1,0,0,0,0,0,0,0,0,0,0
"3632289",0,0,0,0,0,1,0,0,0,0,0,0,0,0
"3639650",0,0,0,1,1,0,0,0,1,1,0,0,0,0
"3647591",0,0,0,1,1,0,0,0,1,1,0,0,0,0
"3650996",0,0,0,1,1,0,0,0,1,1,0,0,0,0
"3651947",0,0,0,0,0,0,0,0,0,0,0,0,0,1
"3656019",0,0,1,0,0,0,0,0,0,0,0,0,0,0
"3659451",0,1,0,0,0,0,0,0,0,0,0,0,0,0
"3665476",0,0,0,0,0,0,1,0,0,0,0,0,0,0
"3668559",1,0,0,0,0,0,0,0,0,0,0,0,0,0
"3670040",1,0,1,1,1,0,0,1,1,1,1,0,0,1
"3670070",0,0,0,0,0,0,0,0,0,0,1,0,0,0
"3670118",0,0,0,1,1,0,0,0,1,1,0,0,0,0
"3675504",1,0,1,0,0,0,0,0,0,0,1,0,0,0
"3678091",0,0,0,1,1,0,0,0,1,1,0,0,0,0
"3680932",1,0,1,0,0,0,0,1,0,0,1,0,0,1
"3681548",1,0,1,1,1,0,0,1,1,1,1,0,0,1
"3683237",0,0,0,1,1,0,0,0,1,1,0,0,0,0
"3683282",0,0,0,1,1,0,0,0,1,1,0,0,0,0
"3693681",1,0,1,1,1,0,0,1,1,1,1,0,0,1
"3703096",0,0,0,0,0,0,0,0,0,0,0,1,1,0
"3708849",0,0,0,0,0,0,0,0,0,0,0,1,1,0
"3714108",0,0,0,0,0,0,1,0,0,0,0,0,0,0
"3715615",0,0,0,0,0,1,0,0,0,0,0,0,0,0
"3717464",0,1,0,0,0,0,0,0,0,0,0,0,0,0
"3721806",1,1,1,1,1,1,1,1,1,1,1,1,1,1
"3722271",0,0,0,1,1,0,0,0,1,1,0,0,0,0
"3730411",0,0,0,1,1,0,0,1,1,1,0,0,0,1
"3730426",0,0,0,1,1,0,0,0,1,1,0,0,0,0
"3730519",0,1,1,0,0,1,0,1,0,0,0,1,1,0
"3730582",0,1,0,1,0,0,0,0,0,0,0,0,0,0
"3730642",0,0,0,0,1,0,0,1,0,0,0,0,0,1
"3730648",0,0,0,0,0,0,1,0,0,0,0,0,0,0
"3730978",0,0,0,1,1,0,0,0,1,1,0,0,0,0
"3730993",0,0,1,1,1,0,0,0,1,1,1,0,0,0
"3732154",0,0,0,1,0,0,0,0,1,0,0,0,0,0
"3732247",0,1,0,0,0,0,0,1,0,0,0,1,1,0
"3732310",0,1,0,1,1,0,0,0,0,1,0,0,0,0
"3732412",0,0,0,0,0,0,1,0,0,0,0,0,0,0
"3732469",0,1,0,0,0,0,0,0,0,0,0,0,0,0
"3732517",1,0,1,0,0,1,0,1,0,0,1,1,1,0
"3732553",1,0,1,0,0,1,0,0,0,0,1,1,0,0
"3732624",1,0,1,0,0,1,0,1,0,0,1,1,1,1
"3733684",0,0,0,1,1,0,0,0,1,1,0,0,0,0
"3735694",0,0,0,0,0,0,1,0,0,0,0,0,0,0
"3735709",0,0,0,0,0,0,1,0,0,0,0,0,0,1
"3735802",1,0,1,0,0,0,1,1,0,0,1,0,0,0
"3735925",0,0,0,1,0,0,0,0,1,1,0,0,0,0
"3735931",0,0,0,0,0,0,0,0,0,0,0,1,0,0
"3735967",0,0,0,1,1,0,0,0,1,1,0,1,0,1
"3736024",1,0,1,0,0,0,0,1,0,0,0,0,0,1
"3736179",0,0,0,1,1,0,0,0,1,1,0,0,0,1
"3736276",0,0,0,0,0,0,0,0,0,0,0,0,0,1
"3740168",0,0,0,0,1,0,0,0,0,0,0,0,0,0
"3741572",0,0,0,0,0,0,0,0,0,0,1,0,0,0
"3743899",1,0,1,0,0,0,0,1,0,0,1,0,0,1
"3744452",0,0,0,0,0,0,1,0,0,0,0,0,0,0
"3745346",0,1,0,0,0,0,0,0,0,0,0,0,0,0
"3745358",0,1,0,0,0,0,0,0,0,0,0,0,0,0
"3746660",0,0,0,1,1,0,0,0,1,1,0,0,0,0
"3746702",0,0,0,1,1,0,0,0,1,1,0,0,0,0
"3746705",0,0,0,1,1,0,0,0,1,1,0,0,0,0
"3746726",0,1,0,0,0,0,0,0,0,0,0,0,0,0
"3746735",0,1,0,0,0,0,0,0,0,0,0,0,0,0
"3746753",0,1,0,0,0,0,0,0,0,0,0,0,0,0
"3746771",0,1,0,0,0,0,0,0,0,0,0,0,0,0
"3746869",0,0,0,1,1,0,0,0,1,1,0,0,0,0
"3746870",0,0,0,1,1,0,0,0,1,1,0,0,0,0
"3746896",0,1,0,0,0,0,0,0,0,0,0,0,0,0
"3746933",0,1,0,0,0,0,0,0,0,0,0,0,0,0
"3750185",1,0,1,1,1,0,0,1,1,1,1,0,0,1
"3750209",1,0,1,1,1,0,0,1,1,1,1,0,0,1
"3750407",1,0,1,1,1,0,0,1,1,1,1,0,0,1
"3752207",1,1,1,1,1,1,1,1,1,1,1,1,1,1
"3753116",1,1,1,1,1,0,1,0,1,1,1,1,1,1
"3753164",1,1,1,1,1,0,1,1,1,1,1,1,1,1
"3763539",0,0,0,1,1,0,0,0,1,1,0,0,0,0
"3764007",0,0,0,1,0,0,0,0,0,0,0,0,0,0
"3764358",0,0,0,0,0,0,0,0,0,0,0,1,1,0
"3766580",0,0,0,0,0,0,0,0,0,0,0,1,0,0
"3766679",0,0,0,0,0,0,0,0,0,0,0,1,1,0
"3767082",0,0,0,0,0,0,0,0,0,0,0,1,0,0
"3769709",0,0,0,1,1,0,0,0,1,1,0,0,0,0
"3771628",0,0,0,0,1,0,0,0,0,0,0,0,0,0
"3773667",0,0,0,0,0,0,1,0,0,0,0,0,0,0
"3774506",0,0,0,1,1,0,0,0,1,1,0,0,0,0
"3778012",1,0,1,0,0,0,0,1,0,0,1,0,0,1
"3782872",0,0,0,0,0,0,0,0,0,0,0,0,1,0
"3783058",0,1,0,0,0,0,1,0,0,0,0,0,0,0
"3789223",0,0,0,0,1,0,0,0,0,0,0,0,0,0
"3792664",0,0,0,0,0,0,0,0,0,0,0,0,0,1
"3793428",0,0,0,1,1,0,0,0,1,1,0,0,0,0
"3793755",0,0,0,0,0,0,0,0,0,1,0,0,0,0
"3798451",0,0,0,0,0,0,1,0,0,0,0,0,0,0
"3801452",0,0,0,0,0,0,0,0,0,0,0,0,0,1
"3815477",1,1,1,1,1,0,1,1,1,1,1,0,0,1
"3820066",0,0,1,0,0,0,0,0,0,0,0,0,0,0
"3820665",0,1,0,0,0,0,0,0,0,0,0,0,0,0
"3822790",0,0,0,0,0,0,0,1,0,0,0,0,0,0
"3823159",1,1,1,1,1,1,1,1,1,1,1,1,1,1
"3828326",0,0,0,0,0,0,0,0,0,0,0,1,1,0
"3829770",1,1,1,1,1,0,1,1,1,1,1,1,1,1
"3830566",0,0,0,0,1,0,0,0,1,1,0,0,0,0
"3830695",1,0,1,1,1,0,0,1,1,1,1,0,0,1
"3831322",0,0,0,0,0,0,0,0,0,0,0,0,0,1
"3834237",0,0,0,0,1,0,0,0,0,0,0,0,0,0
"3834486",1,0,1,0,0,0,0,0,0,0,1,0,0,0
"3836739",0,0,0,0,0,1,0,0,0,0,0,0,0,0
"3838871",1,1,1,1,1,1,1,1,1,1,1,1,1,1
"3840206",0,1,0,0,0,0,0,0,0,0,0,0,0,0
"3840371",0,0,0,0,0,0,0,0,1,0,0,0,0,0
"3840764",0,0,0,0,0,1,0,0,0,0,0,0,0,0
"3842289",0,0,0,0,0,0,0,0,0,0,0,1,0,0
"3842295",0,0,0,0,0,0,0,0,0,0,0,1,0,0
"3842625",1,1,1,1,1,0,0,1,1,1,1,1,1,1
"3845695",1,0,1,1,1,0,0,1,1,1,1,0,0,1
"3847215",1,0,1,0,0,0,0,1,0,0,1,0,0,1
"3847221",1,0,1,0,0,0,0,1,0,0,1,0,0,1
"3847563",0,0,0,1,1,0,0,0,1,1,0,0,0,0
"3847578",0,0,0,1,1,0,0,0,1,1,0,0,0,0
"3851888",0,0,0,0,1,0,0,1,0,0,0,0,0,1
"3859893",1,1,1,1,1,1,1,1,1,1,1,1,1,1
"3868657",0,0,0,0,0,0,1,0,0,0,0,0,0,0
"3868738",0,0,0,1,1,0,0,0,1,1,0,0,0,0
"3869107",0,0,0,0,0,0,0,0,0,0,0,1,0,0
"3871246",1,0,1,0,1,0,0,1,0,1,1,0,0,1
"3873147",0,0,0,0,0,0,0,0,0,0,0,1,1,0
"3876953",0,0,0,1,1,0,0,0,1,1,0,0,0,0
"3877421",1,1,1,1,1,1,1,1,1,1,1,1,1,1
"3879070",0,0,0,0,0,0,0,0,0,0,0,1,1,0
"3879615",0,0,0,0,0,0,0,0,1,0,0,0,0,0
"3883626",0,0,0,1,1,1,1,0,1,1,0,1,1,1
"3883707",0,0,1,0,0,1,1,0,0,0,1,0,0,0
"3883768",0,0,0,0,0,0,1,0,0,0,0,0,0,0
"3883770",0,0,0,0,0,0,1,0,0,0,0,0,0,0
"3883797",0,0,0,1,0,0,0,0,0,0,0,0,0,0
"3885383",0,0,0,0,0,0,1,0,0,0,0,0,0,0
"3887921",0,1,0,0,0,0,1,0,0,0,0,0,0,0
"3890518",0,0,0,0,0,0,0,1,0,0,0,0,0,0
"3892671",1,1,1,1,1,1,1,1,1,1,1,1,1,1
"3898408",1,1,1,1,1,1,1,1,1,1,1,1,1,1
"3904061",0,0,0,0,0,0,0,1,0,0,0,0,0,0
"3907969",0,0,0,0,0,1,0,0,0,0,0,0,0,0
"3910180",0,1,0,0,0,0,0,0,0,0,0,0,0,0
"3913737",0,0,0,1,1,0,0,0,1,1,0,0,0,0
"3920109",0,0,0,1,1,0,0,0,1,1,0,0,0,0
"3920628",0,1,0,0,0,0,0,0,0,0,0,0,0,0
"3922836",0,0,0,1,1,0,0,0,1,1,0,0,0,0
"3922971",0,0,0,0,0,0,0,1,0,0,0,0,0,0
"3924105",0,0,0,0,1,0,0,0,0,0,0,0,0,0
"3924991",0,0,0,0,0,0,0,0,0,0,0,1,1,0
"3928653",0,0,0,0,1,0,0,0,0,0,0,0,0,0
"3938721",0,0,0,0,0,1,0,0,0,0,0,0,0,0
"3942239",0,0,0,0,1,0,0,0,0,0,0,0,0,0
"3942377",0,0,0,0,1,0,0,0,0,0,0,0,0,0
"3961390",0,0,0,1,0,0,0,0,0,0,0,0,0,0
"3961438",0,0,0,0,0,0,1,0,0,0,0,0,0,0
"3962187",1,0,1,0,0,0,0,1,0,0,1,0,0,1
"3964518",1,0,1,0,0,0,0,1,0,0,1,0,0,1
"3971953",0,0,1,0,0,0,0,0,0,0,0,0,0,0
"3972735",0,0,0,0,0,0,0,0,0,0,1,0,0,0
"3973083",0,0,0,0,0,0,0,0,1,0,0,0,0,0
"3976748",0,0,0,0,0,0,1,0,0,0,0,0,0,0
"3979348",1,0,0,0,0,0,0,0,0,0,0,0,0,0
"3979880",0,0,1,0,0,0,0,0,0,0,0,0,0,0
"3981983",1,0,1,0,0,0,0,1,0,0,1,0,0,1
"3984321",1,0,1,1,1,0,0,1,1,1,1,0,0,1
"3984926",0,0,0,1,1,0,0,0,1,1,0,0,0,0
"3985568",0,0,0,0,0,0,0,0,1,0,0,0,0,0
"3993369",0,0,0,0,0,1,0,0,0,0,0,0,0,0
"3998375",0,0,0,0,0,0,1,0,0,0,0,0,0,0
"4001020",0,0,0,0,0,1,0,0,0,0,0,0,0,0
"4002380",0,0,0,0,0,0,1,0,0,0,0,0,0,0
"4002899",0,0,0,0,0,0,1,0,0,0,0,0,0,0
"4003130",0,0,0,0,0,0,1,0,0,0,0,0,0,0
"4003619",1,0,0,0,0,0,0,0,0,0,0,0,0,0
"4004650",0,1,0,0,0,0,0,0,0,0,0,0,0,0
"4005555",0,1,0,0,0,0,0,0,0,0,0,0,0,0
"4005607",1,1,1,1,1,0,1,1,1,1,1,1,1,1
"4012821",0,0,0,0,0,0,0,0,0,1,0,0,0,0
"4013076",0,0,0,1,1,0,0,0,1,1,0,0,0,0
"4013567",0,0,0,0,0,0,0,0,0,1,0,0,0,0
"4014431",0,0,0,1,1,0,0,0,1,1,0,0,0,0
"4016840",0,0,0,0,0,0,0,0,0,0,0,1,1,0
"4020786",0,0,0,1,1,0,0,0,1,1,0,0,0,0
"4022388",1,0,1,0,0,0,0,1,0,0,1,0,0,1
"4022652",0,0,0,1,1,0,0,0,1,1,0,0,0,0
"4024273",1,1,1,1,1,0,1,1,1,1,1,1,1,1
"4026800",0,0,0,1,1,0,0,0,1,1,0,0,0,0
"4026899",1,1,1,1,1,1,1,1,1,1,1,1,1,1
"4028292",0,0,0,0,0,1,0,0,0,0,0,0,0,0
"4032997",0,0,0,0,0,0,1,0,0,0,0,0,0,0
"4037283",0,0,1,0,1,0,0,1,0,0,1,0,0,1
"4043104",0,0,0,0,0,0,0,0,0,0,0,0,0,1
"4043665",0,0,0,0,0,0,0,0,0,0,0,0,1,0
"4049192",0,0,0,0,0,0,0,0,0,0,0,1,0,0
"4050811",1,0,1,0,0,0,0,1,0,0,1,0,0,1
"4054364",0,0,0,1,1,0,0,0,1,1,0,0,0,0
"4054637",0,0,0,1,1,0,0,0,1,1,0,0,0,0
"4055803",0,0,0,1,1,0,0,0,1,1,0,0,0,0
"4060100",1,1,1,1,0,0,1,1,1,1,1,1,0,0
"4061113",0,0,0,1,1,0,0,0,1,1,0,0,0,0
"4063712",0,0,0,0,0,0,0,0,0,0,0,0,1,0
"4064150",0,0,0,0,0,1,0,0,0,0,0,0,0,0
"4064579",0,0,0,0,0,0,0,0,0,0,0,0,1,0
"4065898",0,0,0,0,0,0,0,0,0,1,0,0,0,0
"4068560",0,0,0,0,0,0,1,0,0,0,0,0,0,0
"4072697",0,0,0,1,1,0,0,0,1,1,0,0,0,0
"4074596",0,0,0,0,0,0,0,1,0,0,0,0,0,0
"4080525",0,0,1,0,0,0,0,0,0,0,1,0,0,0
"4081987",0,0,0,1,1,0,0,0,1,1,0,0,0,0
"4081996",0,0,0,0,1,0,0,0,1,1,0,0,0,0
"4083916",0,0,0,0,0,0,1,0,0,0,0,0,0,0
"4086802",0,1,0,0,0,0,1,0,0,0,0,0,0,0
"4095295",1,0,1,1,1,0,0,1,1,1,1,0,0,1
"4096190",0,0,0,1,1,0,0,0,1,1,0,0,0,0
"4099865",0,0,0,0,1,0,0,0,0,0,0,0,0,0
"4102929",0,0,0,1,1,0,0,0,1,1,0,0,0,0
"4106239",0,0,0,1,1,0,0,0,1,1,0,0,0,0
"4109342",0,0,1,0,0,0,0,0,0,0,1,0,0,0
"4111303",1,1,1,1,1,1,1,1,1,1,1,1,1,1
"4115029",0,0,0,1,1,0,0,0,1,1,0,0,0,0
"4116682",0,0,0,1,1,0,0,0,1,1,0,0,0,0
"4116894",0,0,0,1,0,0,0,0,0,0,0,0,0,0
"4118844",0,0,1,0,0,0,0,0,0,0,0,0,0,0
"4119246",0,0,0,1,1,0,0,0,1,1,0,0,0,0
"4122287",1,0,1,0,0,0,0,1,0,0,1,0,0,1
"4137421",0,0,0,0,0,1,0,0,0,0,0,0,0,0
"4137829",1,0,1,0,0,0,0,1,0,0,1,0,0,0
"4145009",0,0,0,0,0,1,0,0,0,0,0,0,0,0
"4145737",1,0,1,1,1,0,0,1,1,1,1,0,0,1
"4151855",1,1,1,1,1,0,1,1,1,1,1,0,0,1
"4152890",0,0,0,0,0,0,0,0,0,0,0,1,1,0
"4155266",0,0,0,1,1,0,0,0,1,1,0,0,0,0
"4158361",0,0,0,1,1,0,0,0,1,1,0,0,0,0
"4158493",1,0,1,0,0,0,0,1,0,0,1,0,0,0
"4158865",0,0,0,0,0,1,0,0,0,0,0,0,0,0
"4159099",0,0,0,0,0,0,0,0,1,0,0,0,0,0
"4159195",1,1,1,1,1,0,1,1,1,1,1,0,0,1
"4165046",0,0,0,0,0,0,0,0,0,0,0,1,0,0
"4166441",1,0,1,0,0,0,0,1,0,0,1,0,0,1
"4168703",0,0,0,0,0,0,0,0,0,0,0,1,1,0
"4169719",0,0,0,1,1,0,0,0,1,1,0,0,0,0
"4171750",0,0,0,0,0,0,1,0,0,0,0,0,0,0
"4171771",0,1,0,0,0,0,0,0,0,0,0,0,0,0
"4175364",0,0,0,0,0,0,0,1,0,0,0,0,0,0
"4176081",1,0,0,0,0,0,0,0,0,0,0,0,0,0
"4179133",0,0,0,0,0,0,0,0,0,1,0,0,0,0
"4182387",1,0,1,0,0,0,0,1,0,0,1,0,0,1
"4182492",0,0,0,1,1,0,0,0,1,1,0,0,0,0
"4184811",0,0,0,1,1,0,0,0,1,1,0,0,0,0
"4186481",0,0,0,0,0,0,0,0,0,0,0,1,1,0
"4186678",1,0,1,0,0,0,0,1,0,0,1,0,0,1
"4187485",1,1,1,1,1,1,1,1,1,1,1,1,1,1
"4189210",1,0,1,0,0,0,0,1,0,0,1,0,0,1
"4190332",0,1,0,0,0,0,0,0,0,0,0,0,0,0
"4193625",0,0,0,1,1,0,0,0,1,1,0,0,0,0
"4194501",1,0,1,0,0,0,0,1,0,0,1,0,0,0
"4194876",0,0,0,0,1,0,0,0,0,0,0,0,0,0
"4197307",0,0,0,0,0,0,1,0,0,0,0,0,0,0
"4200576",0,0,0,0,0,1,0,0,0,0,0,0,0,0
"4202383",0,0,0,1,1,0,0,0,1,1,0,0,0,0
"4204441",1,1,1,1,1,1,1,1,1,1,1,1,1,1
"4204468",0,0,0,0,0,0,0,0,0,0,1,0,0,0
"4205555",0,0,0,0,0,1,0,0,0,0,0,0,0,0
"4216255",0,0,0,1,1,0,0,0,1,1,0,0,0,0
"4218941",1,0,1,0,0,0,0,1,0,0,1,0,0,0
"4219801",0,0,0,0,0,0,0,0,0,0,0,0,1,0
"4221490",1,1,1,1,1,1,1,1,1,1,1,1,1,1
"4222852",0,0,0,1,1,0,0,0,1,1,0,0,0,0
"4222882",1,1,1,1,1,1,1,1,1,1,1,1,1,1
"4224737",1,0,0,0,0,0,0,0,0,0,0,0,0,0
"4230597",0,0,0,0,0,1,0,0,0,0,0,0,0,0
"4231865",1,0,1,0,0,0,0,1,0,0,1,0,0,1
"4232327",0,0,0,1,1,0,0,0,1,1,0,0,0,0
"4233760",0,0,0,0,0,0,0,0,0,0,0,1,1,0
"4235121",0,0,0,0,0,0,0,0,0,0,0,1,1,0
"4236237",1,0,1,0,0,0,0,1,0,0,1,0,0,0
"4242643",1,1,1,1,1,1,1,1,1,1,1,1,1,1
"4243460",1,0,1,0,0,0,0,1,0,0,1,0,0,1
"4244096",0,0,0,1,1,0,0,0,1,1,0,0,0,0
"4248115",0,0,1,0,0,0,0,0,0,0,1,0,0,0
"4249408",0,0,0,0,0,0,1,0,0,0,0,0,0,0
"4251297",1,0,1,1,1,0,0,1,1,1,1,0,0,1
"4251777",1,0,0,0,0,0,0,0,0,0,0,0,0,0
"4254431",1,0,1,0,0,0,0,1,0,0,1,0,0,1
"4254632",0,0,0,0,0,0,0,0,0,0,0,1,1,0
"4255922",1,1,1,1,1,0,1,1,1,1,1,1,1,1
"4255975",0,0,0,0,0,0,1,0,0,0,0,0,0,0
"4256758",0,1,0,0,0,0,0,0,0,0,0,0,0,0
"4257220",1,1,1,1,1,0,1,1,1,1,1,1,1,1
"4257964",0,0,1,0,0,0,0,0,0,0,0,0,0,0
"4269606",0,0,0,1,1,0,0,0,1,1,0,0,0,0
"4272480",0,0,0,0,0,0,0,0,0,0,0,0,0,1
"4276306",0,0,0,1,1,0,0,0,1,1,0,0,0,0
"4280441",0,0,0,1,1,0,0,0,1,1,0,0,0,0
"4280708",1,0,1,0,0,0,0,1,0,0,1,0,0,1
"4281143",0,0,0,1,1,0,0,0,1,1,0,0,0,0
"4281272",0,0,0,1,1,0,0,0,1,1,0,0,0,0
"4286156",0,0,0,1,1,0,0,0,1,1,0,0,0,0
"4287164",1,0,1,1,1,0,0,1,1,1,1,0,0,1
"4290135",1,0,1,0,0,0,0,1,0,0,1,0,0,1
"4290564",0,0,0,1,1,0,0,0,1,1,0,0,0,0
"4294328",0,0,0,0,0,0,1,0,0,0,0,0,0,0
"4296015",1,1,1,1,1,0,1,1,1,1,1,0,0,1
"4296381",0,0,0,1,1,0,0,0,1,1,0,0,0,0
"4302102",0,0,0,0,0,0,0,0,0,0,0,1,1,0
"4304253",0,0,0,0,1,0,0,0,0,0,0,0,0,0
"4306155",1,1,1,1,1,1,1,1,1,1,1,1,1,1
"4306767",0,0,0,0,0,0,1,0,0,0,0,0,0,0
"4306929",0,1,0,0,0,0,1,0,0,0,0,0,0,0
"4307292",0,0,0,0,0,1,0,0,0,0,0,0,0,0
"4308395",1,0,1,0,0,0,0,1,0,0,1,0,0,1
"4308465",0,0,0,0,0,1,0,0,0,0,0,0,0,0
"4311844",0,0,0,0,0,0,0,0,0,0,0,0,1,0
"4314216",0,0,0,1,1,0,0,0,1,1,0,0,0,0
"4314645",1,1,1,1,1,0,1,1,1,1,1,0,0,1
"4314843",0,0,0,1,1,0,0,0,1,1,0,0,0,0
"4316344",0,0,0,0,0,0,0,0,0,0,0,0,1,0
"4323006",0,0,0,1,1,0,0,0,1,1,0,0,0,0
"4331585",0,1,0,0,0,0,0,0,0,0,0,0,0,0
"4333196",0,0,0,1,0,0,0,0,1,0,0,0,0,0
"4337574",0,0,0,1,1,0,0,0,1,1,0,0,0,0
"4337736",0,1,0,0,0,0,0,0,0,0,0,0,0,0
"4337898",0,0,0,0,0,0,0,0,0,0,0,1,1,0
"4340006",0,1,0,0,0,0,1,0,0,0,0,0,0,0
"4350242",0,0,0,0,0,0,0,1,0,0,0,0,0,0
"4350305",1,0,1,0,0,0,0,1,0,0,1,0,0,0
"4350762",0,0,0,0,0,0,1,0,0,0,0,0,0,0
"4356110",1,1,1,1,1,1,1,1,1,1,1,1,1,1
"4357710",0,0,0,0,0,0,0,0,0,0,0,1,0,0
"4357773",0,0,0,1,1,0,0,0,1,1,0,0,0,0
"4359165",1,1,1,1,0,0,1,1,1,1,1,0,0,1
"4362568",1,0,1,0,0,0,0,1,0,0,1,0,0,1
"4366272",1,1,1,1,1,1,1,1,1,1,1,1,1,1
"4367649",0,0,0,1,1,0,0,0,1,1,0,0,0,0
"4367661",0,0,0,0,1,0,0,0,0,0,0,0,0,0
"4368084",1,0,1,0,0,0,0,1,0,0,1,0,0,1
"4369499",0,0,0,1,1,0,0,0,1,1,0,0,0,0
"4369604",0,0,0,0,0,0,0,0,0,1,0,0,0,0
"4371391",0,0,0,0,0,0,0,0,0,0,0,0,0,1
"4372353",1,0,1,1,1,0,0,1,1,1,1,0,0,1
"4372653",0,0,0,1,1,0,0,0,1,1,0,0,0,0
"4375318",0,0,0,1,1,0,0,0,1,1,0,0,0,0
"4375480",0,0,0,0,0,0,1,0,0,0,0,0,0,0
"4377033",0,0,0,1,1,0,0,0,1,1,0,0,0,0
"4377999",0,0,0,0,0,0,0,0,0,0,0,0,0,1
"4382054",1,1,1,1,1,1,1,1,1,1,1,1,1,1
"4384417",0,1,0,0,0,0,1,0,0,0,0,0,0,0
"4385937",0,0,0,1,1,0,0,0,1,1,0,0,0,0
"4386228",1,1,1,1,1,0,1,1,1,1,1,0,0,1
"4388870",0,0,0,0,0,1,0,0,0,0,0,0,0,0
"4391714",0,1,0,0,0,0,0,0,0,0,0,0,0,0
"4397736",1,0,1,0,0,0,0,1,0,0,1,0,0,1
"4397919",0,0,0,0,0,0,0,0,0,0,0,0,1,0
"4398732",0,0,0,1,1,0,0,0,1,1,0,0,0,0
"4398882",0,0,0,0,0,0,0,0,0,0,0,0,1,0
"4399185",0,1,0,0,0,0,0,0,0,0,0,0,0,0
"4400839",0,0,0,0,0,0,0,0,0,0,0,0,0,1
"4400980",0,0,0,0,0,0,0,0,0,0,0,1,1,0
"4401400",0,0,0,1,1,0,0,0,1,1,0,0,0,0
"4404034",0,1,0,0,0,0,0,0,0,0,0,0,0,0
"4404247",0,0,0,1,1,0,0,0,1,1,0,0,0,0
"4404523",0,0,0,0,0,0,0,1,0,0,0,0,0,0
"4404832",0,1,0,0,0,0,0,0,0,0,0,0,0,0
"4406449",0,0,0,0,0,0,0,0,0,0,0,1,1,0
"4407588",1,0,1,1,1,0,0,1,1,1,1,0,0,1
"4407689",0,0,0,1,0,0,0,0,0,0,0,0,0,0
"4407873",0,0,0,1,1,0,0,0,1,1,0,0,0,0
"4410173",0,0,0,0,0,0,0,0,0,1,0,0,0,0
"4410386",0,0,0,1,1,0,0,0,1,1,0,0,0,0
"4410487",0,0,0,1,1,0,0,0,1,1,0,0,0,0
